-- MariaDB dump 10.19  Distrib 10.4.32-MariaDB, for Win64 (AMD64)
--
-- Host: localhost    Database: infinite_pos
-- ------------------------------------------------------
-- Server version	10.4.32-MariaDB

/*!40101 SET @OLD_CHARACTER_SET_CLIENT=@@CHARACTER_SET_CLIENT */;
/*!40101 SET @OLD_CHARACTER_SET_RESULTS=@@CHARACTER_SET_RESULTS */;
/*!40101 SET @OLD_COLLATION_CONNECTION=@@COLLATION_CONNECTION */;
/*!40101 SET NAMES utf8mb4 */;
/*!40103 SET @OLD_TIME_ZONE=@@TIME_ZONE */;
/*!40103 SET TIME_ZONE='+00:00' */;
/*!40014 SET @OLD_UNIQUE_CHECKS=@@UNIQUE_CHECKS, UNIQUE_CHECKS=0 */;
/*!40014 SET @OLD_FOREIGN_KEY_CHECKS=@@FOREIGN_KEY_CHECKS, FOREIGN_KEY_CHECKS=0 */;
/*!40101 SET @OLD_SQL_MODE=@@SQL_MODE, SQL_MODE='NO_AUTO_VALUE_ON_ZERO' */;
/*!40111 SET @OLD_SQL_NOTES=@@SQL_NOTES, SQL_NOTES=0 */;

--
-- Table structure for table `activity_log`
--

DROP TABLE IF EXISTS `activity_log`;
/*!40101 SET @saved_cs_client     = @@character_set_client */;
/*!40101 SET character_set_client = utf8 */;
CREATE TABLE `activity_log` (
  `id` int(11) NOT NULL AUTO_INCREMENT,
  `user_id` int(11) NOT NULL,
  `action` varchar(100) NOT NULL,
  `details` text DEFAULT NULL,
  `log_time` datetime NOT NULL,
  PRIMARY KEY (`id`)
) ENGINE=InnoDB AUTO_INCREMENT=479 DEFAULT CHARSET=utf8mb4 COLLATE=utf8mb4_general_ci;
/*!40101 SET character_set_client = @saved_cs_client */;

--
-- Dumping data for table `activity_log`
--

LOCK TABLES `activity_log` WRITE;
/*!40000 ALTER TABLE `activity_log` DISABLE KEYS */;
INSERT INTO `activity_log` VALUES (1,1,'Returned Sale','Sale ID: 31','2025-10-15 21:53:07'),(2,1,'Returned Sale','Sale ID: 20','2025-10-15 21:54:16'),(3,1,'Returned Sale','Sale ID: 26','2025-10-15 21:54:24'),(4,1,'Returned Sale','Sale ID: 30','2025-10-15 21:54:57'),(5,1,'Add Sale','Sale ID: 39, Total: ₱18, Payment: gcash','2025-10-15 22:08:41'),(6,1,'Add Product','Added product: Mangosteen plus guyabano coffee 21g (111111112121)','2025-10-15 22:12:48'),(7,1,'Edit Product','Edited product: Mangosteen plus guyabano coffee 21g (111111112121)','2025-10-15 22:13:59'),(9,1,'Archive Product','Archived product ID: 24','2025-10-15 22:19:49'),(10,1,'Add Sale','Sale ID: 40, Total: ₱26000, Payment: cash','2025-10-18 20:35:30'),(11,1,'Returned Sale','Sale ID: 40','2025-10-18 20:36:01'),(12,1,'Archive Product','Archived product ID: 25','2025-10-18 20:36:51'),(13,1,'Edit Category','Edited category ID 1 to: Fruits ; Vegetables','2025-10-18 20:37:07'),(14,1,'Add Category','Added category: mike test','2025-10-18 20:37:20'),(15,4,'Add Sale','Sale ID: 41, Total: ₱190, Payment: cash','2025-10-18 21:43:27'),(16,4,'Add Sale','Sale ID: 42, Total: ₱18, Payment: cash','2025-10-18 22:15:13'),(17,4,'Reorder Stock','Reordered 1 units of product ID: 16','2025-10-18 22:25:51'),(18,4,'Add Sale','Sale ID: 43, Total: ₱30, Payment: cash','2025-10-18 22:26:45'),(19,4,'Reorder Stock','Reordered 12 units of product ID: 16','2025-10-18 22:27:03'),(20,4,'Add Product','Added product: tomato (123738493)','2025-10-18 22:29:33'),(21,4,'Edit Product','Edited product: tomato (123738493)','2025-10-18 22:29:59'),(22,1,'Deactivate Category','Deactivated category ID 45','2025-10-19 22:44:27'),(23,1,'Restore Category','Restored category ID 45','2025-10-19 22:44:44'),(24,1,'Restore Category','Restored category ID 45','2025-10-19 22:45:31'),(25,1,'Deactivate Category','Deactivated category ID 45','2025-10-19 22:48:11'),(26,1,'Restore Category','Restored category ID 45','2025-10-19 22:48:17'),(27,1,'Add Sale','Sale ID: 44, Total: ₱13000, Payment: cash','2025-10-22 18:58:27'),(28,1,'Add Sale','Sale ID: 45, Total: ₱190, Payment: cash','2025-10-22 19:14:00'),(29,1,'Add Sale','Sale ID: 46, Total: ₱12350, Payment: cash','2025-10-22 19:22:36'),(30,1,'Add Sale','Sale ID: 47, Total: ₱37050, Payment: cash','2025-10-22 19:26:21'),(31,1,'Add Sale','Sale ID: 48, Total: ₱13148, Payment: cash','2025-10-22 19:28:45'),(32,1,'Deactivate Category','Deactivated category ID 45','2025-10-22 19:32:49'),(33,1,'Deactivate Category','Deactivated category ID 45','2025-10-22 19:32:52'),(34,1,'Deactivate Category','Deactivated category ID 45','2025-10-22 19:33:47'),(35,1,'Deactivate Category','Deactivated category ID 45','2025-10-22 19:33:49'),(36,1,'Add Sale','Sale ID: 49, Total: ₱74100, Payment: cash','2025-10-22 19:35:30'),(37,1,'Add Category','Added category: Vet','2025-10-22 19:50:59'),(38,1,'Deactivate Category','Deactivated category ID 45','2025-10-22 19:51:04'),(39,1,'Deactivate Category','Deactivated category ID 46','2025-10-22 19:53:36'),(40,1,'Deactivate Category','Deactivated category ID 39','2025-10-22 19:54:46'),(41,1,'Restore Category','Restored category ID 46','2025-10-22 19:55:00'),(42,1,'Deactivate Category','Deactivated category ID 46','2025-10-22 19:55:38'),(43,1,'Deactivate Category','Deactivated category ID 25','2025-10-22 19:56:47'),(44,1,'Restore Category','Restored category ID 39','2025-10-22 19:56:54'),(45,1,'Deactivate Category','Deactivated category ID 43','2025-10-22 20:07:58'),(46,1,'Deactivate Category','Deactivated category ID 44','2025-10-22 20:08:00'),(47,1,'Deactivate Category','Deactivated category ID 32','2025-10-22 20:08:01'),(48,1,'Deactivate Category','Deactivated category ID 33','2025-10-22 20:11:50'),(49,1,'Add Sale','Sale ID: 50, Total: ₱2200, Payment: gcash','2025-10-22 20:13:56'),(50,1,'Add Sale','Sale ID: 51, Total: ₱37050, Payment: gcash','2025-10-23 21:56:00'),(51,1,'Add Sale','Sale ID: 52, Total: ₱220, Payment: cash','2025-10-23 22:07:11'),(52,1,'Edit Category','Edited category ID 13 to: Beeff','2025-10-23 22:36:18'),(53,1,'Edit Product','Edited product ID 29: tipalia (Code: 5123123)','2025-10-23 22:36:52'),(54,1,'Edit Product','Edited product ID 6: Luxe Organix Aloe Vera 100ml (Code: 4806524039887)','2025-10-23 22:37:09'),(55,1,'Returned Sale','Sale ID: 38','2025-10-23 22:39:13'),(56,1,'Edit Product','Edited product ID 29: tipalia (Code: 5123123)','2025-10-23 22:40:06'),(57,1,'Reorder Stock','Reordered 100 units of product ID 29 (tipalia)','2025-10-23 22:40:14'),(58,1,'Archive Product','Archived product ID 29','2025-10-23 22:40:22'),(59,1,'Restore Product','Restored product ID 29','2025-10-23 22:40:34'),(60,1,'Add Sale','Sale ID: 53, Total: ₱97.5, Payment: cash','2025-10-23 22:49:06'),(61,1,'Add Sale','Sale ID: 54, Total: ₱387.2, Payment: cash','2025-10-23 22:51:30'),(62,1,'Edit Product','Edited product ID 29: tipalia (Code: 5123123)','2025-10-23 22:52:15'),(63,1,'Add Sale','Sale ID: 55, Total: ₱522.5, Payment: cash','2025-10-24 19:58:20'),(64,1,'Add Product','Added product ID 4800131591004: Biogenic 70% 330ml','2025-10-24 20:04:16'),(65,1,'Deactivate Category','Deactivated category ID 38','2025-10-24 20:04:34'),(66,1,'Restore Category','Restored category ID 38','2025-10-24 20:05:07'),(67,1,'Edit Product','Edited product ID 24: testlang1 (Code: 4800758039887)','2025-10-24 20:05:46'),(68,1,'Archive Product','Archived product ID 24','2025-10-24 20:06:06'),(69,1,'Restore Product','Restored product ID 24','2025-10-24 20:07:51'),(70,1,'Archive Product','Archived product ID 24','2025-10-24 20:10:44'),(71,1,'Deactivate Category','Deactivated category ID 39','2025-10-24 20:14:28'),(72,1,'Add Sale','Sale ID: 56, Total: ₱367.4, Payment: cash','2025-10-24 20:18:30'),(73,1,'Add Sale','Sale ID: 57, Total: ₱313.5, Payment: cash','2025-10-24 20:22:42'),(74,1,'Add Sale','Sale ID: 58, Total: ₱110, Payment: cash','2025-10-24 20:23:30'),(75,1,'Edit Product','Edited product ID 25: veggies (Code: 23424637132435)','2025-10-24 20:31:56'),(76,1,'Archive Product','Archived product ID 25','2025-10-24 20:32:13'),(77,1,'Restore Product','Restored product ID 25','2025-10-24 20:32:27'),(78,1,'Restore Product','Restored product ID 24','2025-10-24 20:32:30'),(79,1,'Add Product','Added product ID 426672324123561: another test','2025-10-24 20:33:42'),(80,1,'Archive Product','Archived product ID 24','2025-10-24 20:46:31'),(81,1,'Add Product','Added product ID 412315123: fefgsdf','2025-10-24 20:46:45'),(82,1,'Restore Product','Restored product ID 24','2025-10-24 20:49:29'),(83,1,'Archive Product','Archived product ID 24','2025-10-24 20:49:35'),(84,1,'Add Product','Added product ID qwe134141241: dasdasf','2025-10-24 20:49:50'),(85,1,'Add Product','Added product ID 45611515514: adasda','2025-10-24 21:07:36'),(86,1,'Add Product','Added product ID 14115123: 31fasf','2025-10-24 21:08:10'),(87,1,'Add Product','Added product ID 124516161613451: TESTING','2025-10-24 21:10:11'),(88,1,'Archive Product','Archived product ID 35','2025-10-24 21:10:29'),(89,1,'Edit Category','Edited category ID 13 to: Beef','2025-10-24 21:10:50'),(90,1,'Deactivate Category','Deactivated category ID 35','2025-10-24 21:11:00'),(91,1,'Edit Category','Edited category ID 4 to: Beveragess','2025-10-24 21:18:26'),(92,1,'Edit Category','Edited category ID 13 to: Beeff','2025-10-24 21:19:19'),(93,1,'Deactivate Category','Deactivated category ID 38','2025-10-24 21:19:24'),(94,6,'Add Sale','Sale ID: 59, Total: ₱325, Payment: cash','2025-10-24 21:23:21'),(95,6,'Archive Product','Archived product ID 30','2025-10-24 21:23:49'),(96,6,'Add Product','Added product ID 4800131591004: Biogenic 70% 330ml','2025-10-24 21:24:51'),(97,6,'Edit Product','Edited product ID 37: Biogenic 70% 330ml (Code: 4800131591004)','2025-10-24 21:25:33'),(98,6,'Edit Product','Edited product ID 37: Biogenic 70% 330ml (Code: 4800131591004)','2025-10-24 21:26:00'),(99,6,'Reorder Stock','Reordered 50 units of product ID 37 (Biogenic 70% 330ml)','2025-10-24 21:26:16'),(100,6,'Add Category','Added category: Testing Again','2025-10-24 21:26:40'),(101,6,'Deactivate Category','Deactivated category ID 47','2025-10-24 21:26:48'),(102,6,'Restore Category','Restored category ID 47','2025-10-24 21:27:08'),(103,6,'Edit Category','Edited category ID 13 to: Beef','2025-10-24 21:27:21'),(104,6,'Edit Product','Edited product ID 37: Biogenic 70% 330ml (Code: 4800131591004)','2025-10-24 21:27:42'),(105,6,'Edit Product','Edited product ID 27: tomato (Code: 123738493)','2025-10-24 21:28:22'),(106,6,'Returned Sale','Sale ID: 46','2025-10-24 21:29:42'),(107,6,'Archive Product','Archived product ID 37','2025-10-24 21:35:19'),(108,7,'Add Product','Added product ID 4800131591004: Biogenic 70% 330ml','2025-10-24 21:40:35'),(109,7,'Edit Product','Edited product ID 38: Biogenic 70% 330mll (Code: 4800131591004)','2025-10-24 21:41:22'),(110,7,'Archive Product','Archived product ID 34','2025-10-24 21:41:45'),(111,7,'Add Sale','Sale ID: 60, Total: ₱1599, Payment: cash','2025-10-24 21:44:07'),(112,7,'Edit Product','Edited product ID 36: TESTING (Code: 124516161613451)','2025-10-24 21:44:55'),(113,7,'Reorder Stock','Reordered 50 units of product ID 36 (TESTING)','2025-10-24 21:45:18'),(114,7,'Edit Category','Edited category ID 4 to: Beverages','2025-10-24 21:46:39'),(115,7,'Deactivate Category','Deactivated category ID 42','2025-10-24 21:46:48'),(116,7,'Restore Category','Restored category ID 42','2025-10-24 21:47:32'),(117,7,'Edit Product','Edited product ID 20: Epson 003 ink 65ml (Code: 8885007027876)','2025-10-24 21:48:28'),(118,2,'Add Sale','Sale ID: 61, Total: ₱572, Payment: cash','2025-10-24 22:19:11'),(119,1,'Add Sale','Sale ID: 62, Total: ₱110, Payment: gcash','2025-10-27 21:34:11'),(120,1,'Add Sale','Sale ID: 63, Total: ₱1234, Payment: ','2025-10-27 21:34:45'),(121,1,'Edit Product','Edited product ID 36: TESTING (Code: 124516161613451)','2025-10-28 20:06:42'),(122,1,'Edit Product','Edited product ID 25: veggies (Code: 23424637132435)','2025-10-28 20:12:07'),(123,1,'Edit Product','Stock changed from \'129\' to \'1355\'. Reason: yehhhhhhhhhhhhhhhhhhhhhhhhhh','2025-10-28 20:19:19'),(124,1,'Edit Product','Perishability changed from \'Non-Perishable\' to \'Perishable\'. Reason: non to perishable','2025-10-28 20:33:18'),(125,1,'Add Sale','Sale ID: 64, Total: ₱681.72, Payment: cash','2025-10-28 20:33:59'),(126,1,'Add Sale','Sale ID: 65, Total: ₱3089.476, Payment: cash','2025-10-28 20:41:55'),(127,0,'Update Discount','Updated discount ID 3 to 0%','2025-10-28 20:52:21'),(128,0,'Update Discount','Updated discount ID 3 to 0%','2025-10-28 20:52:23'),(129,0,'Update Discount','Updated discount ID 3 to 0%','2025-10-28 20:52:52'),(130,1,'Add Sale','Sale ID: 66, Total: ₱38245.746, Payment: cash','2025-10-28 21:01:17'),(131,0,'Update Discount','Updated discount ID 3 to 0%','2025-10-28 21:19:31'),(132,0,'Update Discount','Updated discount ID 3 to 0%','2025-10-28 21:19:56'),(133,1,'Update Discount','Updated discount ID 1 to 5%','2025-10-28 21:27:56'),(134,1,'Update Discount','Updated discount ID 1 to 5%','2025-10-28 21:28:48'),(135,1,'Update Discount','Updated discount ID 1 to 5%','2025-10-28 21:30:30'),(136,1,'Update Discount','Updated discount ID 1 to 5%','2025-10-28 21:32:37'),(137,1,'Update Discount','Updated discount ID 1 to 6%','2025-10-28 21:32:42'),(138,1,'Add Sale','Sale ID: 67, Total: ₱12220, Payment: cash','2025-10-28 21:40:18'),(139,1,'Returned Sale','Sale ID: 68','2025-10-28 21:51:44'),(140,1,'Returned Sale','Sale ID: 69','2025-10-28 21:51:49'),(141,1,'Returned Sale','Sale ID: 67','2025-10-28 21:51:56'),(142,1,'Add Sale','Sale ID: 71, Total: ₱1,159.96, Discount: ₱69.60, Payment: cash','2025-10-28 21:56:25'),(143,1,'Returned Sale','Sale ID: 71','2025-10-28 21:59:12'),(144,1,'Add Sale','Sale ID: 72, Total: ₱418.00, Discount: ₱20.90, Payment: cash','2025-10-28 21:59:32'),(145,1,'Add Sale','Sale ID: 73, Total: ₱325.00, Discount: ₱0.00, Payment: cash','2025-10-28 22:03:36'),(146,1,'Add Sale','Sale ID: 74, Total: ₱1172.3, Payment: cash','2025-10-28 22:05:32'),(147,1,'Update Discount','Updated discount ID 2 to 5%','2025-10-28 22:05:46'),(148,1,'Add Sale','Sale ID: 75, Total: ₱206.8, Payment: cash','2025-10-28 22:06:09'),(149,1,'Edit Product','Stock changed from \'42\' to \'50\'. Reason: yesyes','2025-10-28 22:07:50'),(150,1,'Add Sale','Sale ID: 76, Total: ₱103.4, Payment: cash','2025-10-29 21:41:01'),(151,1,'Edit Category','Edited category ID 13 to: Beeff','2025-10-29 22:24:14'),(152,1,'Deactivate User','Deactivated user ID: 4','2025-10-29 22:37:08'),(153,1,'Activate User','Activated user ID: 4','2025-10-29 22:37:15'),(154,1,'Restore Category','Restored category ID 43','2025-10-29 22:37:24'),(155,1,'Edit Product','Category changed from \'Dairy & Eggs\' to \'Beverages\'; Perishability changed from \'N/P\' to \'Non-Perishable\'; Stock changed from \'58\' to \'1\'. Reason: adjust lang','2025-10-29 22:44:34'),(156,1,'Edit Product','Perishability changed from \'\' to \'N/P\'. Reason: adjust lngsss','2025-10-29 22:46:26'),(157,1,'Returned Sale','Sale ID: 63','2025-10-31 18:29:58'),(158,1,'Returned Sale','Sale ID: 76','2025-10-31 18:43:05'),(159,1,'Returned Sale','Sale ID: 75','2025-10-31 18:43:40'),(160,1,'Return Item','Returned item ID: 60 (Product code: 5123123, Qty: 1) from Sale ID: 75','2025-10-31 18:49:48'),(161,1,'Return Item','Returned item ID: 59 (Product code: 124516161613451, Qty: 1) from Sale ID: 74','2025-10-31 19:02:19'),(162,1,'Add Sale','Sale ID: 77, Total: ₱68.25, Payment: cash','2025-10-31 19:05:44'),(163,1,'Add Sale','Sale ID: 78, Total: ₱226.6, Payment: cash','2025-10-31 19:07:06'),(164,1,'Add Sale','Sale ID: 79, Total: ₱221.276, Payment: cash','2025-10-31 19:07:59'),(165,1,'Add Sale','Sale ID: 80, Total: ₱219.21, Payment: cash','2025-10-31 19:15:43'),(166,1,'Add Sale','Sale ID: 81, Total: ₱221.28, Payment: cash','2025-10-31 19:17:18'),(167,1,'Return Sale','Sale ID: 81 | Reason: No reason provided','2025-10-31 19:28:24'),(168,1,'Edit Category','Edited category ID 43 to: a new ones','2025-10-31 19:48:23'),(169,1,'Returned sale ID 61','Reason: yehy','2025-10-31 19:51:46'),(170,1,'Return Item','Returned item ID: 20 (Product code: Z11M-GA49V11-2502000537, Qty: 2) from Sale ID: 40','2025-10-31 19:57:06'),(171,1,'Returned sale ID 47','Reason: deffective','2025-10-31 19:59:30'),(172,1,'Return Item','Returned item ID: 31 (Product code: 6974944461538, Qty: 1) from Sale ID: 48','2025-10-31 19:59:56'),(173,1,'Add Category','Added category: Bread','2025-11-07 21:43:30'),(174,1,'Add Product','Added product [4809013017458] Valley Bread Hamburger Buns','2025-11-07 21:45:21'),(175,1,'Archive Product','Archived product ID 31','2025-11-07 21:45:29'),(176,1,'Archive Product','Archived product ID 36','2025-11-07 21:45:33'),(177,1,'Archive Product','Archived product ID 38','2025-11-07 21:45:37'),(178,1,'Archive Product','Archived product ID 29','2025-11-07 21:45:41'),(179,1,'Archive Product','Archived product ID 28','2025-11-07 21:45:44'),(180,1,'Archive Product','Archived product ID 27','2025-11-07 21:45:45'),(181,1,'Archive Product','Archived product ID 21','2025-11-07 21:45:46'),(182,1,'Archive Product','Archived product ID 20','2025-11-07 21:45:47'),(183,1,'Archive Product','Archived product ID 17','2025-11-07 21:45:48'),(184,1,'Archive Product','Archived product ID 16','2025-11-07 21:45:49'),(185,1,'Archive Product','Archived product ID 10','2025-11-07 21:45:50'),(186,1,'Archive Product','Archived product ID 6','2025-11-07 21:45:51'),(187,1,'Archive Product','Archived product ID 4','2025-11-07 21:45:52'),(188,1,'Archive Product','Archived product ID 3','2025-11-07 21:45:53'),(189,1,'Archive Product','Archived product ID 2','2025-11-07 21:45:54'),(190,1,'Archive Product','Archived product ID 1','2025-11-07 21:45:54'),(191,1,'Archive Product','Archived product ID 25','2025-11-07 21:45:55'),(192,1,'Add Product','Added product [4809013017441] Valley Bread Coco Cream','2025-11-07 21:46:43'),(193,1,'Add Product','Added product [4809013017472] Valley Bread Classic Whole Wheat','2025-11-07 21:48:10'),(194,1,'Add Product','Added product [4806502728840] Neu Bake','2025-11-07 21:49:03'),(195,1,'Add Product','Added product [4806502721452] Gardenia whole wheat bread 400g','2025-11-07 21:50:01'),(196,1,'Edit Product','Description changed from \'Gardenia whole wheat bread 400g\' to \'Gardenia whole wheat bread green 400g\'. Reason: change name','2025-11-07 21:50:28'),(197,1,'Add Product','Added product [4806502720417] Gardenia whole wheat bread red 400g','2025-11-07 21:53:20'),(198,1,'Add Product','Added product [4806502720615] Gardenia white bread classic','2025-11-07 21:54:49'),(199,1,'Add Product','Added product [4806537830303] Dap-Ayan Ube Round','2025-11-07 21:57:31'),(200,1,'Add Product','Added product [4806537830099] Dap-Ayan Crinkles','2025-11-07 21:58:50'),(201,1,'Edit Product','Expiry Date changed from \'2025-11-13\' to \'2025-11-20\'. Reason: change expiry','2025-11-07 21:59:12'),(202,1,'Add Product','Added product [4806537830143] Dap-Ayan Marble Cookies','2025-11-07 22:00:15'),(203,1,'Add Product','Added product [4806537830266] Dap-Ayan Polvoron Cookies','2025-11-07 22:00:54'),(204,1,'Add Product','Added product [4806537830242] Dap-Ayan Piyaya','2025-11-07 22:01:32'),(205,1,'Add Product','Added product [2077106208881] Monaii Mongo Monay','2025-11-07 22:03:08'),(206,1,'Add Product','Added product [2077106208812] Monaii Ube Monay','2025-11-07 22:03:49'),(207,1,'Add Product','Added product [2077106208836] Monaii Classic Monay','2025-11-07 22:04:22'),(208,1,'Add Product','Added product [4809013017199] Valley Bread Loaf blue ','2025-11-07 22:05:37'),(209,1,'Add Product','Added product [4809013017229] Valley Bread Loaf green','2025-11-07 22:06:06'),(210,1,'Add Product','Added product [4809013017410] Valley Bread Raisin Load','2025-11-07 22:06:49'),(211,1,'Add Product','Added product [4809013017267] Valley Bread Classic Hopia','2025-11-07 22:08:22'),(212,1,'Add Product','Added product [4809013017434] Valley Bread Spanish','2025-11-07 22:09:10'),(213,1,'Add Product','Added product [4809013017113] Valley Bread Cheese Bread','2025-11-07 22:10:10'),(214,1,'Edit Product','Perishability changed from \'N/P\' to \'Perishable\'. Reason: try','2025-11-08 09:04:09'),(215,1,'Edit Product','Perishability changed from \'Perishable\' to \'N/P\'. Reason: yehey','2025-11-08 09:04:48'),(216,1,'Add Category','Added category: Canned goods','2025-11-08 09:28:49'),(217,1,'Add Product','Added product [8801047627197] Dongwon Luncheon Meat 340g','2025-11-08 09:29:40'),(218,1,'Add Product','Added product [4848580144] Argentina Tocino Meat Loaf 150g','2025-11-08 09:31:09'),(219,1,'Add Product','Added product [4848580247] Argentina Corned Chicken 150g','2025-11-08 09:32:15'),(220,1,'Add Product','Added product [748485801261] Argentina Meat Loaf 100g','2025-11-08 09:34:15'),(221,1,'Edit Product','Code changed from \'4848580144\' to \'748485801441\'. Reason: change barcode','2025-11-08 09:36:58'),(222,1,'Edit Product','Code changed from \'4848580247\' to \'748485802471\'. Reason: change barcode','2025-11-08 09:37:12'),(223,1,'Add Product','Added product [748485804064] Argentina Giniling 250g','2025-11-08 09:38:54'),(224,1,'Add Product','Added product [748485800448] Argentina Meat Loaf 250g','2025-11-08 09:39:50'),(225,1,'Edit Product','Code changed from \'748485802471\' to \'748485802473\'. Reason: jjk','2025-11-08 09:40:43'),(226,1,'Edit Product','Code changed from \'748485801441\' to \'748485801445\'. Reason: ljkh','2025-11-08 09:41:36'),(227,1,'Add Product','Added product [748485804170] Argentina Giniling 150g','2025-11-08 09:42:35'),(228,1,'Add Product','Added product [748485800431] Argentina Corned Beef 150g','2025-11-08 09:44:09'),(229,1,'Add Product','Added product [748485800035] Argentina Corned Beef 250g','2025-11-08 09:48:20'),(230,1,'Add Product','Added product [748485800332] Argentina Liver Spread 85g','2025-11-08 09:49:24'),(231,1,'Add Product','Added product [748485100319] Century Tuna Flakes in oil 420g','2025-11-08 09:52:01'),(232,1,'Add Product','Added product [748485100326] Century Tuna Hot and Spicy 420g','2025-11-08 09:58:28'),(233,1,'Add Product','Added product [748485100081] Century Tuna Flakes in oil 180g','2025-11-08 09:59:45'),(234,1,'Add Product','Added product [748485100098] Century Tuna Hot and Spicy 180g','2025-11-08 10:00:31'),(235,1,'Add Product','Added product [748485800288] Argentina Shanghai Luncheon Meat 375g','2025-11-08 10:01:41'),(236,1,'Add Product','Added product [8801074009515] Hansung Luncheon Meat 340g','2025-11-08 10:02:43'),(237,1,'Add Product','Added product [8801074259637] Hansung Luncheon Meat Brown 340g','2025-11-08 10:05:01'),(238,1,'Add Product','Added product [8801123700431] Lotte Luncheon Meat Original 340g','2025-11-08 10:06:51'),(239,1,'Add Product','Added product [748485100401] Century Tuna Flakes in oil 155g','2025-11-08 10:07:57'),(240,1,'Add Product','Added product [748485102238] Century Tuna with Calamansi 155g','2025-11-08 10:08:54'),(241,1,'Add Product','Added product [748485100418] Century Tuna Hot and spicy 155g','2025-11-08 10:09:32'),(242,1,'Add Sale','Sale ID: 82, Total: ₱731.50, Payment: cash','2025-11-08 10:16:20'),(243,1,'Add Product','Added product [4806504710812] Mega Fried Sardines with Tausi 155g','2025-11-08 18:01:14'),(244,1,'Add Sale','Sale ID: 83, Total: ₱340.00, Payment: gcash','2025-11-08 19:57:16'),(245,1,'Add Sale','Sale ID: 84, Total: ₱696.54, Payment: cash','2025-11-08 20:43:07'),(246,1,'Deactivate Category','Deactivated category ID 43','2025-11-08 20:44:41'),(247,1,'Deactivate Category','Deactivated category ID 13','2025-11-08 20:44:43'),(248,1,'Deactivate Category','Deactivated category ID 34','2025-11-08 20:44:51'),(249,1,'Deactivate Category','Deactivated category ID 36','2025-11-08 20:44:57'),(250,1,'Deactivate Category','Deactivated category ID 40','2025-11-08 20:45:01'),(251,1,'Deactivate Category','Deactivated category ID 42','2025-11-08 20:45:05'),(252,1,'Deactivate Category','Deactivated category ID 47','2025-11-08 20:45:09'),(253,1,'Deactivate Category','Deactivated category ID 19','2025-11-08 20:45:17'),(254,1,'Deactivate Category','Deactivated category ID 15','2025-11-08 20:45:22'),(255,1,'Returned sale ID 84','Reason: try','2025-11-12 20:36:59'),(256,1,'Return Item','Returned item ID: 71 (Product code: 748485200064, Qty: 5) from Sale ID: 83','2025-11-12 20:40:44'),(257,1,'Returned sale ID 82','Reason: yesssss','2025-11-12 20:51:17'),(258,1,'Returned sale ID 60','Reason: tyesting','2025-11-12 20:58:27'),(259,1,'Add Sale','Sale ID: 85, Total: ₱174.00, Payment: cash','2025-11-12 21:00:02'),(260,1,'Returned sale ID 85','Reason: YEEEEEE','2025-11-12 21:00:18'),(261,1,'Edit Product','Perishability changed from \'N/P\' to \'Perishable\'. Reason: test','2025-11-12 21:03:13'),(262,1,'Add Sale','Sale ID: 86, Total: ₱203.11, Payment: cash','2025-11-12 21:03:34'),(263,1,'Returned sale ID 86','Reason: tryyyyyyyyyyyyyyyyyyy','2025-11-12 21:14:39'),(264,1,'Add Sale','Sale ID: 87, Total: ₱260.00, Payment: cash','2025-11-12 21:18:49'),(265,1,'Returned sale ID 87','Reason: try','2025-11-12 21:18:59'),(266,1,'Add Sale','Sale ID: 88, Total: ₱147.00, Payment: cash','2025-11-12 21:24:12'),(267,1,'Returned sale ID 88','Reason: asd','2025-11-12 21:24:20'),(268,1,'Add Sale','Sale ID: 89, Total: ₱132.00, Payment: cash','2025-11-12 21:31:24'),(269,1,'Return Item','Returned item ID: 97 (Product code: 4806536770143, Qty: 1) from Sale ID: 89','2025-11-12 21:31:54'),(270,1,'Return Item','Returned item ID: 98 (Product code: 748485300108, Qty: 1) from Sale ID: 89','2025-11-12 21:32:48'),(271,1,'Add Sale','Sale ID: 90, Total: ₱291.00, Payment: cash','2025-11-12 21:36:30'),(272,1,'Return Item','Returned item ID: 100 (Product code: 4806536770143, Qty: 1) from Sale ID: 90','2025-11-12 21:48:24'),(273,1,'Return Item','Returned item ID: 99 (Product code: 4800022100070, Qty: 2) from Sale ID: 90','2025-11-12 21:48:31'),(274,1,'Add Product','Added product [7622210400291] Dairy Milk Roast Almond 25g','2025-11-14 21:03:35'),(275,1,'Add Sale','Sale ID: 91, Total: ₱1,477.00, Payment: cash','2025-11-14 21:10:54'),(276,1,'Add Sale','Sale ID: 92, Total: ₱53.00, Payment: cash','2025-11-14 21:12:50'),(277,1,'Add Sale','Sale ID: 93, Total: ₱31.02, Payment: cash','2025-11-14 21:15:46'),(278,1,'Add Sale','Sale ID: 94, Total: ₱90.00, Payment: cash','2025-11-14 21:16:50'),(279,1,'Add Sale','Sale ID: 95, Total: ₱112.80, Payment: cash','2025-11-14 21:18:00'),(280,1,'Add Sale','Sale ID: 96, Total: ₱40.00, Payment: cash','2025-11-14 21:18:23'),(281,1,'Add Sale','Sale ID: 97, Total: ₱676.80, Payment: cash','2025-11-14 21:19:27'),(282,1,'Restore Category','Restored category ID 19','2025-11-14 21:31:53'),(283,1,'Restore Product','Restored product ID 31','2025-11-14 21:38:33'),(284,1,'Archive Product','Archived product ID 31','2025-11-14 21:38:44'),(285,1,'Restore Product','Restored product ID 31','2025-11-14 21:38:54'),(286,1,'Archive Product','Archived product ID 31','2025-11-14 21:39:07'),(287,1,'Restore Category','Restored category ID 38','2025-11-14 21:39:39'),(288,1,'Deactivate Category','Deactivated category ID 38','2025-11-14 21:41:24'),(289,1,'Restore Category','Restored category ID 38','2025-11-14 21:41:30'),(290,1,'Restore Product','Restored product ID 29','2025-11-14 21:41:35'),(291,1,'Archive Product','Archived product ID 29','2025-11-14 21:41:47'),(292,1,'Restore Product','Restored product ID 36','2025-11-14 21:43:05'),(293,1,'Archive Product','Archived product ID 36','2025-11-14 21:43:25'),(294,1,'Deactivate Category','Deactivated category ID 38','2025-11-14 21:43:30'),(295,1,'Restore Category','Restored category ID 38','2025-11-14 21:43:55'),(296,1,'Deactivate User','Deactivated user ID: 2','2025-11-14 21:58:37'),(297,1,'Deactivate User','Deactivated user ID: 8','2025-11-14 22:17:46'),(298,1,'Edit Category','Edited category ID 49 to: Canned goods','2025-11-16 18:53:53'),(299,1,'Return Item','Returned item ID: 106 (Product code: 7622210400291, Qty: 6) from Sale ID: 91','2025-11-17 10:34:01'),(300,1,'Return Item','Returned item ID: 105 (Product code: 4808887012002, Qty: 14) from Sale ID: 91','2025-11-17 10:45:51'),(301,1,'Restore Product','Restored product ID 38','2025-11-17 17:59:09'),(302,1,'Edit Product','Description changed from \'Biogenic 70% 330mll\' to \'Biogenic 70% 330ml\'. Reason: tryu','2025-11-17 17:59:35'),(303,1,'Reorder Stock','Reordered 6 units of product ID 153 (Dairy Milk Roast Almond 25g)','2025-11-17 18:01:05'),(304,1,'Reorder Stock','Reordered 1 units of product ID 74 (Argentina Shanghai Luncheon Meat 375g)','2025-11-17 18:01:05'),(305,1,'Reorder Stock','Reordered 1 units of product ID 57 (Valley Bread Classic Hopia)','2025-11-17 18:01:05'),(306,1,'Reorder Stock','Reordered 1 units of product ID 53 (Monaii Classic Monay)','2025-11-17 18:01:05'),(307,1,'Reorder Stock','Reordered 1 units of product ID 52 (Monaii Ube Monay)','2025-11-17 18:01:05'),(308,1,'Reorder Stock','Reordered 1 units of product ID 51 (Monaii Mongo Monay)','2025-11-17 18:01:05'),(309,1,'Reorder Stock','Reordered 1 units of product ID 50 (Dap-Ayan Piyaya)','2025-11-17 18:01:05'),(310,1,'Reorder Stock','Reordered 1 units of product ID 49 (Dap-Ayan Polvoron Cookies)','2025-11-17 18:01:05'),(311,1,'Reorder Stock','Reordered 1 units of product ID 48 (Dap-Ayan Marble Cookies)','2025-11-17 18:01:05'),(312,1,'Reorder Stock','Reordered 1 units of product ID 47 (Dap-Ayan Crinkles)','2025-11-17 18:01:06'),(313,1,'Reorder Stock','Reordered 6 units of product ID 153 (Dairy Milk Roast Almond 25g)','2025-11-17 18:01:06'),(314,1,'Reorder Stock','Reordered 1 units of product ID 74 (Argentina Shanghai Luncheon Meat 375g)','2025-11-17 18:01:06'),(315,1,'Reorder Stock','Reordered 1 units of product ID 57 (Valley Bread Classic Hopia)','2025-11-17 18:01:06'),(316,1,'Reorder Stock','Reordered 1 units of product ID 53 (Monaii Classic Monay)','2025-11-17 18:01:06'),(317,1,'Reorder Stock','Reordered 1 units of product ID 52 (Monaii Ube Monay)','2025-11-17 18:01:06'),(318,1,'Reorder Stock','Reordered 1 units of product ID 51 (Monaii Mongo Monay)','2025-11-17 18:01:06'),(319,1,'Reorder Stock','Reordered 1 units of product ID 50 (Dap-Ayan Piyaya)','2025-11-17 18:01:06'),(320,1,'Reorder Stock','Reordered 1 units of product ID 49 (Dap-Ayan Polvoron Cookies)','2025-11-17 18:01:06'),(321,1,'Reorder Stock','Reordered 1 units of product ID 48 (Dap-Ayan Marble Cookies)','2025-11-17 18:01:06'),(322,1,'Reorder Stock','Reordered 1 units of product ID 47 (Dap-Ayan Crinkles)','2025-11-17 18:01:06'),(323,1,'Reorder Stock','Reordered 6 units of product ID 153 (Dairy Milk Roast Almond 25g)','2025-11-17 18:01:07'),(324,1,'Reorder Stock','Reordered 1 units of product ID 74 (Argentina Shanghai Luncheon Meat 375g)','2025-11-17 18:01:07'),(325,1,'Reorder Stock','Reordered 1 units of product ID 57 (Valley Bread Classic Hopia)','2025-11-17 18:01:07'),(326,1,'Reorder Stock','Reordered 1 units of product ID 53 (Monaii Classic Monay)','2025-11-17 18:01:07'),(327,1,'Reorder Stock','Reordered 1 units of product ID 52 (Monaii Ube Monay)','2025-11-17 18:01:07'),(328,1,'Reorder Stock','Reordered 1 units of product ID 51 (Monaii Mongo Monay)','2025-11-17 18:01:07'),(329,1,'Reorder Stock','Reordered 1 units of product ID 50 (Dap-Ayan Piyaya)','2025-11-17 18:01:07'),(330,1,'Reorder Stock','Reordered 1 units of product ID 49 (Dap-Ayan Polvoron Cookies)','2025-11-17 18:01:07'),(331,1,'Reorder Stock','Reordered 1 units of product ID 48 (Dap-Ayan Marble Cookies)','2025-11-17 18:01:07'),(332,1,'Reorder Stock','Reordered 1 units of product ID 47 (Dap-Ayan Crinkles)','2025-11-17 18:01:07'),(333,1,'Reorder Stock','Reordered 10 units of product ID 74 (Argentina Shanghai Luncheon Meat 375g)','2025-11-17 18:01:35'),(334,1,'Returned sale ID 97','Reason: try pls','2025-11-17 18:10:41'),(335,1,'Add Sale','Sale ID: 98, Total: ₱125.40, Payment: cash','2025-11-17 18:19:17'),(336,12,'Deactivate User','Deactivated user ID: 10','2025-11-18 17:59:05'),(337,12,'Return Item','Returned item ID: 113 (Product code: 748485803951, Qty: 4) from Sale ID: 98','2025-11-18 23:12:32'),(338,12,'Returned sale ID 98','Reason: try','2025-11-18 23:12:38'),(339,12,'Return Item','Returned item ID: 102 (Product code: 4800134101811, Qty: 1) from Sale ID: 90','2025-11-22 18:10:38'),(340,12,'Add Product','Added product [71000002] Apple Blossom','2025-11-22 18:12:15'),(341,12,'Restore Product','Restored product ID 16','2025-11-22 21:26:41'),(342,12,'Archive Product','Archived product ID 153','2025-11-22 21:26:47'),(343,12,'Return Item','Returned item ID: 101 (Product code: 4806502720417, Qty: 2) from Sale ID: 90','2025-11-22 21:32:30'),(344,12,'Return Item','Returned item ID: 30 (Product code: Z11M-GA49V11-2502000537, Qty: 1) from Sale ID: 48. Reason: tryinggggggg','2025-11-22 21:42:19'),(345,1,'Edit Product','Stock changed from \'20.00\' to \'0\'. Reason: try','2025-11-22 21:58:28'),(346,1,'Edit Product','Stock changed from \'50.00\' to \'0\'. Reason: try','2025-11-22 21:58:42'),(347,1,'Reorder Stock','Reordered 5 units of product ID 154 (Apple Blossom)','2025-11-22 22:00:16'),(348,1,'Reorder Stock','Reordered  units of product ID 81 (Mega Fried Sardines with Tausi 155g)','2025-11-22 22:00:16'),(349,1,'Reorder Stock','Reordered  units of product ID 154 (Apple Blossom)','2025-11-22 22:00:22'),(350,1,'Reorder Stock','Reordered 5 units of product ID 81 (Mega Fried Sardines with Tausi 155g)','2025-11-22 22:00:22'),(351,1,'Return Item','Returned item ID: 111 (Product code: 4808887012002, Qty: 1) from Sale ID: 96. Reason: try','2025-11-23 18:25:16'),(352,1,'Add Sale','Sale ID: 99, Total: ₱191.00, Payment: cash','2025-11-23 18:26:14'),(353,1,'Return Item','Returned item ID: 117 (Product code: 7622202243639, Qty: 1) from Sale ID: 99. Reason: try','2025-11-23 18:26:26'),(354,1,'Return Item','Returned item ID: 114 (Product code: 71000002, Qty: 1) from Sale ID: 99. Reason: yes','2025-11-23 18:26:43'),(355,1,'Return Item','Returned item ID: 115 (Product code: 4806536770143, Qty: 1) from Sale ID: 99. Reason: ywe','2025-11-23 18:28:47'),(356,1,'Returned sale ID 99','Reason: yessss','2025-11-23 18:29:07'),(357,1,'Return Item','Returned item ID: 103 (Product code: 748485700090, Qty: 1) from Sale ID: 90. Reason: yup','2025-11-23 18:50:54'),(358,1,'Returned sale ID 90','Reason: all','2025-11-23 18:51:11'),(359,1,'Update Discount','Updated discount ID 1 to 7%','2025-11-23 19:12:23'),(360,1,'Update Discount','Updated discount ID 1 to 6%','2025-11-23 19:12:28'),(361,1,'Update Discount','Updated discount ID 2 to 6%','2025-11-23 19:14:31'),(362,1,'Update Discount','Updated discount ID 2 to 5%','2025-11-23 19:14:36'),(363,1,'Add Sale','Sale ID: 100, Total: ₱33.00, Payment: cash','2025-11-23 19:21:35'),(364,1,'Add Product','Added product [23123423] adad','2025-12-04 21:31:07'),(365,1,'Add Batch','Added batch to product [324412241231] TESTING BATCH','2025-12-04 23:21:01'),(366,1,'Add Product','Added new product [124561342] WTH WHAT with first batch','2025-12-04 23:26:54'),(367,1,'Archive Product','Archived product ID 157','2025-12-04 23:34:21'),(368,1,'Add Batch','Added batch to product [71000002] Apple Blossom','2025-12-04 23:55:43'),(369,1,'Add Batch','Added batch to product [71000002] Apple Blossom','2025-12-04 23:59:19'),(370,1,'Archive Product','Archived product ID 155','2025-12-05 00:31:09'),(371,1,'Archive Product','Archived product ID 154','2025-12-05 00:31:23'),(372,1,'Restore Product','Restored product ID 154','2025-12-05 00:31:31'),(373,1,'Archive Product','Archived product ID 154','2025-12-05 00:37:55'),(374,1,'Restore Product','Restored product ID 154','2025-12-05 00:38:01'),(375,1,'Add Batch','Added batch to product [71000002] Apple Blossom','2025-12-05 00:39:57'),(376,1,'Delete Batch','Deleted batch ID 105','2025-12-05 01:07:59'),(377,1,'Archive Batch','Archived batch ID 102','2025-12-05 01:09:50'),(378,1,'Archive Batch','Archived batch ID 102','2025-12-05 01:16:13'),(379,1,'Edit Product/Batch','Edited product [324412241231] TESTING BATCH. Reason: yes','2025-12-05 21:47:45'),(380,1,'Edit Product/Batch','Edited product [324412241231] TESTING BATCH. Reason: yesss','2025-12-05 21:50:04'),(381,1,'Edit Product/Batch','Edited product [324412241231] TESTING BATCH. Reason: yes','2025-12-05 21:53:54'),(382,1,'Edit Product','Buy Price changed from \'28.00\' to \'25\'; Sell Price changed from \'37.00\' to \'38\'; Expiry Date changed from \'2026-03-11\' to \'2031-11-14\'. Reason: yes','2025-12-05 21:53:54'),(383,1,'Edit Product/Batch','Edited product [324412241231] TESTING BATCH. Reason: yeyeyeyeyeye','2025-12-05 21:55:17'),(384,1,'Edit Product','Sell Price changed from \'38.00\' to \'37\'; Expiry Date changed from \'2031-11-14\' to \'2027-11-05\'. Reason: yeyeyeyeyeye','2025-12-05 21:55:17'),(385,1,'Edit Product/Batch','Edited product [4806504710812] Mega Fried Sardines with Tausi 155g. Reason: rewqrerw','2025-12-05 21:55:54'),(386,1,'Edit Product','Stock changed from \'5.00\' to \'67\'; Buy Price changed from \'34.00\' to \'78\'; Sell Price changed from \'39.00\' to \'90\'; Expiry Date changed from \'2026-04-28\' to \'2031-12-22\'. Reason: rewqrerw','2025-12-05 21:55:54'),(387,1,'Edit Product/Batch','Edited product [71000002] Apple Blossom. Reason: ttttttttt','2025-12-05 21:57:23'),(388,1,'Edit Product','Stock changed from \'6.00\' to \'72\'; Buy Price changed from \'28.00\' to \'12\'; Sell Price changed from \'32.00\' to \'57\'; Expiry Date changed from \'2026-01-15\' to \'2027-10-05\'. Reason: ttttttttt','2025-12-05 21:57:23'),(389,1,'Restore Product','Restored product ID 157','2025-12-05 21:58:44'),(390,1,'Edit Product/Batch','Edited product [124561342] WTH WHAT. Reason: hmmmmm','2025-12-05 21:59:32'),(391,1,'Edit Product','Stock changed from \'0.00\' to \'50\'; Unit changed from \'50\' to \'Piece\'; Buy Price changed from \'40.00\' to \'60\'; Sell Price changed from \'50.00\' to \'70\'; Expiry Date changed from \'2025-12-04 23:26:54\' to \'2026-07-05\'. Reason: hmmmmm','2025-12-05 21:59:32'),(392,1,'Edit Product/Batch','Edited product [324412241231] TESTING BATCH. Reason: ye','2025-12-05 22:06:02'),(393,1,'Edit Product','Buy Price changed from \'25.00\' to \'67\'; Sell Price changed from \'37.00\' to \'89\'; Expiry Date changed from \'2027-11-05\' to \'2025-12-25\'. Reason: ye','2025-12-05 22:06:02'),(394,1,'Archive Batch','Archived batch ID 103','2025-12-05 23:03:18'),(395,1,'Archive Batch','Archived batch ID 103','2025-12-05 23:05:41'),(396,1,'Edit Batch','Edited batch ID 102','2025-12-05 23:07:32'),(397,1,'Archive Batch','Archived batch ID 102','2025-12-05 23:12:33'),(398,1,'Edit Batch','Edited batch ID 102','2025-12-05 23:29:33'),(399,1,'Edit Batch','Edited batch ID 103','2025-12-05 23:29:56'),(400,1,'Edit Batch','Edited batch ID 103','2025-12-05 23:30:07'),(401,1,'Archive Batch','Archived batch ID 103','2025-12-05 23:30:27'),(402,1,'Add Sale','Sale ID: 104, Total: ₱4,450.00, Payment: cash','2025-12-05 23:31:15'),(403,1,'Archive Batch','Archived batch ID 102','2025-12-05 23:32:50'),(404,1,'Reorder Stock','Reordered 100 units for product ID 156 (TESTING BATCH)','2025-12-05 23:36:10'),(405,1,'Edit Product/Batch','Edited product [324412241231] TESTING BATCH. Reason: test','2025-12-05 23:36:35'),(406,1,'Edit Product','Stock changed from \'0.00\' to \'100\'; Expiry Date changed from \'2025-12-25\' to \'2025-12-31\'. Reason: test','2025-12-05 23:36:35'),(407,1,'Archive Product','Archived product ID 157','2025-12-05 23:44:33'),(408,1,'Restore Product','Restored product ID 157','2025-12-05 23:44:42'),(409,1,'Archive Batch','Archived batch ID 103','2025-12-05 23:44:51'),(410,1,'Archive Batch','Archived batch ID 102','2025-12-05 23:47:42'),(411,1,'Add Batch','Added batch to product [71000002] Apple Blossom','2025-12-05 23:57:34'),(412,1,'Add Sale','Sale ID: 105, Total: ₱846.00, Payment: cash','2025-12-06 00:11:26'),(413,1,'Archive Batch','Archived batch ID 102','2025-12-06 00:20:29'),(414,1,'Archive Batch','Archived batch ID 102','2025-12-06 00:20:34'),(415,1,'Edit Batch','Edited batch ID 104','2025-12-06 00:22:04'),(416,1,'Archive Batch','Archived batch ID 102','2025-12-06 00:22:38'),(417,1,'Archive Batch','Archived batch ID 102','2025-12-06 00:31:02'),(418,1,'Archive Batch','Archived batch ID 102','2025-12-06 00:34:40'),(419,1,'Archive Batch','Archived batch ID 102','2025-12-06 00:38:05'),(420,1,'Archive Batch','Archived batch ID 102','2025-12-06 00:42:02'),(421,1,'Archive Batch','Archived batch ID 104','2025-12-06 00:42:10'),(422,1,'Archive Batch','Archived batch ID 103','2025-12-06 00:42:42'),(423,1,'Restore Product','Restored product ID 155','2025-12-06 00:53:41'),(424,1,'Archive Product','Archived product ID 155','2025-12-06 00:53:49'),(425,1,'Archive Batch','Archived batch ID 107','2025-12-06 19:05:29'),(426,1,'Restore Batch','Restored batch ID 104','2025-12-06 19:15:34'),(427,1,'Restore Batch','Restored batch ID 107','2025-12-06 19:16:24'),(428,1,'Restore Batch','Restored batch ID 103','2025-12-06 19:17:23'),(429,1,'Edit Batch','Edited batch ID 103','2025-12-06 19:25:35'),(430,1,'Archive Batch','Archived batch ID 103','2025-12-06 19:41:34'),(431,1,'Restore Batch','Restored batch ID 103','2025-12-06 19:42:10'),(432,1,'Restore Batch','Restored batch ID 102','2025-12-06 19:42:12'),(433,1,'Add Batch','Added batch to product [324412241231] TESTING BATCH','2025-12-06 20:01:39'),(434,1,'Add Sale','Sale ID: 106, Total: ₱89.00, Payment: cash','2025-12-06 20:03:45'),(435,1,'Add Sale','Sale ID: 107, Total: ₱411.72, Payment: cash','2025-12-06 22:59:01'),(436,1,'Add Sale','Sale ID: 108, Total: ₱8,544.00, Payment: cash','2025-12-06 23:10:12'),(437,1,'Add Sale','Sale ID: 110, Total: ₱57.00, Payment: cash','2025-12-06 23:14:02'),(438,1,'Add Sale','Sale ID: 111, Total: ₱171.00, Payment: cash','2025-12-06 23:18:54'),(439,1,'Add Sale','Sale ID: 112, Total: ₱70.00, Payment: cash','2025-12-06 23:20:53'),(440,1,'Return Item','Returned item ID: 127 (Product code: 71000002, Qty: 3) from Sale ID: 111. Reason: try','2025-12-06 23:24:27'),(441,1,'Add Sale','Sale ID: 114, Total: ₱89.00, Payment: cash','2025-12-06 23:32:05'),(442,1,'Add Sale','Sale ID: 115, Total: ₱7,120.00, Payment: cash','2025-12-06 23:32:44'),(443,1,'Add Sale','Sale ID: 116, Total: ₱89.00, Payment: cash','2025-12-06 23:51:24'),(444,1,'Add Sale','Sale ID: 117, Total: ₱89.00, Payment: gcash','2025-12-06 23:59:23'),(445,1,'Add Batch','Added batch to product [324412241231] TESTING BATCH','2025-12-07 00:25:55'),(446,1,'Add Batch','Added batch to product [71000002] Apple Blossom','2025-12-07 00:30:33'),(447,1,'Edit Batch','Edited batch ID 102','2025-12-07 20:51:01'),(448,1,'Edit Product/Batch','Stock changed from \'0.00\' to \'100\'; Buy Price changed from \'67.00\' to \'70\'; Sell Price changed from \'89.00\' to \'70\'. Reason: test','2025-12-07 20:54:15'),(449,1,'Edit Batch','Edited batch ID 102','2025-12-07 21:31:46'),(450,1,'Damaged Batch','Damaged 10 units for batch ID 102 (Product ID 156)','2025-12-07 21:38:24'),(451,1,'Edit Batch','Edited batch ID 102','2025-12-07 21:38:24'),(452,1,'Damaged Product/Batch','Damaged 10 units for product ID 156','2025-12-07 21:41:17'),(453,1,'Edit Product/Batch','Category changed from \'Dairy & Eggs\' to \'Fruits ; Vegetables\'; Perishability changed from \'N/P\' to \'Perishable\'. Reason: try lang','2025-12-07 21:41:17'),(454,1,'Damaged Batch','Damaged 8 units for batch ID 102 (Product ID 156)','2025-12-07 22:10:42'),(455,1,'Edit Batch','Edited batch ID 102','2025-12-07 22:10:42'),(456,1,'Damaged Batch','Damaged 10 units for batch ID 107 (Product ID 156)','2025-12-07 22:11:10'),(457,1,'Edit Batch','Edited batch ID 107','2025-12-07 22:11:10'),(458,1,'Damaged Batch','Damaged 5 units for batch ID 104 (Product ID 154)','2025-12-07 22:21:03'),(459,1,'Edit Batch','Edited batch ID 104','2025-12-07 22:21:03'),(460,1,'Damaged Batch','Damaged 5 units for batch ID 104 (Product ID 154)','2025-12-07 22:23:16'),(461,1,'Edit Batch','Edited batch ID 104','2025-12-07 22:23:16'),(462,1,'Damaged Batch','Damaged 5 units for batch ID 102 (Product ID 156)','2025-12-07 22:30:03'),(463,1,'Edit Batch','Edited batch ID 102','2025-12-07 22:30:03'),(464,1,'Damaged Batch','Damaged 7 units for batch ID 102 (Product ID 156)','2025-12-08 00:33:38'),(465,1,'Edit Batch','Edited batch ID 102','2025-12-08 00:33:38'),(466,1,'Damaged Batch','Damaged 8 units for batch ID 107 (Product ID 156)','2025-12-08 00:33:56'),(467,1,'Edit Batch','Edited batch ID 107','2025-12-08 00:33:56'),(468,1,'Damaged Batch','Damaged 6 units for batch ID 103 (Product ID 157)','2025-12-08 00:35:47'),(469,1,'Edit Batch','Edited batch ID 103','2025-12-08 00:35:47'),(470,1,'Damaged Batch','Damaged 5 units for batch ID 103 (Product ID 157)','2025-12-08 00:40:11'),(471,1,'Edit Batch','Edited batch ID 103','2025-12-08 00:40:11'),(472,1,'Archive Batch','Archived batch ID 115','2025-12-08 00:41:39'),(473,1,'Damaged Batch','Damaged 9 units for batch ID 103 (Product ID 157)','2025-12-08 00:43:11'),(474,1,'Edit Batch','Edited batch ID 103','2025-12-08 00:43:11'),(475,1,'Damaged Batch','Damaged 11 units for batch ID 109 (Product ID 156)','2025-12-08 20:01:14'),(476,1,'Edit Batch','Edited batch ID 109','2025-12-08 20:01:14'),(477,1,'Damaged Batch','Damaged 8 units for batch ID 103 (Product ID 157)','2025-12-08 20:04:14'),(478,1,'Edit Batch','Edited batch ID 103','2025-12-08 20:04:14');
/*!40000 ALTER TABLE `activity_log` ENABLE KEYS */;
UNLOCK TABLES;

--
-- Table structure for table `backup_settings`
--

DROP TABLE IF EXISTS `backup_settings`;
/*!40101 SET @saved_cs_client     = @@character_set_client */;
/*!40101 SET character_set_client = utf8 */;
CREATE TABLE `backup_settings` (
  `id` int(11) NOT NULL,
  `frequency` varchar(20) DEFAULT NULL,
  `backup_time` time DEFAULT NULL,
  `last_backup` datetime DEFAULT NULL,
  `next_backup` datetime DEFAULT NULL,
  PRIMARY KEY (`id`)
) ENGINE=InnoDB DEFAULT CHARSET=utf8mb4 COLLATE=utf8mb4_general_ci;
/*!40101 SET character_set_client = @saved_cs_client */;

--
-- Dumping data for table `backup_settings`
--

LOCK TABLES `backup_settings` WRITE;
/*!40000 ALTER TABLE `backup_settings` DISABLE KEYS */;
INSERT INTO `backup_settings` VALUES (1,'every_30_min','19:20:00','2025-12-09 11:32:30','2025-12-09 12:02:30');
/*!40000 ALTER TABLE `backup_settings` ENABLE KEYS */;
UNLOCK TABLES;

--
-- Table structure for table `categories`
--

DROP TABLE IF EXISTS `categories`;
/*!40101 SET @saved_cs_client     = @@character_set_client */;
/*!40101 SET character_set_client = utf8 */;
CREATE TABLE `categories` (
  `id` int(11) NOT NULL AUTO_INCREMENT,
  `category_name` varchar(255) NOT NULL,
  `parent_id` int(11) DEFAULT NULL,
  `status` enum('active','inactive') DEFAULT 'active',
  `created_at` timestamp NOT NULL DEFAULT current_timestamp(),
  `updated_at` timestamp NOT NULL DEFAULT current_timestamp() ON UPDATE current_timestamp(),
  PRIMARY KEY (`id`),
  KEY `parent_id` (`parent_id`),
  CONSTRAINT `categories_ibfk_1` FOREIGN KEY (`parent_id`) REFERENCES `categories` (`id`) ON DELETE CASCADE
) ENGINE=InnoDB AUTO_INCREMENT=50 DEFAULT CHARSET=utf8mb4 COLLATE=utf8mb4_general_ci;
/*!40101 SET character_set_client = @saved_cs_client */;

--
-- Dumping data for table `categories`
--

LOCK TABLES `categories` WRITE;
/*!40000 ALTER TABLE `categories` DISABLE KEYS */;
INSERT INTO `categories` VALUES (1,'Fruits ; Vegetables',NULL,'active','2025-03-27 09:43:38','2025-08-28 11:07:58'),(2,'Dairy & Eggs',NULL,'active','2025-03-27 09:43:38','2025-03-27 09:43:38'),(3,'Meat & Seafood',NULL,'active','2025-03-27 09:43:38','2025-03-27 09:43:38'),(4,'Beverages',NULL,'active','2025-03-27 09:43:38','2025-10-24 13:46:39'),(5,'Snacks',NULL,'active','2025-03-27 09:43:38','2025-03-28 13:50:55'),(7,'Leafy Vegetables',1,'active','2025-03-27 09:43:46','2025-08-28 11:07:12'),(8,'Root Crops',1,'active','2025-03-27 09:43:46','2025-03-27 09:43:46'),(9,'Milk',2,'active','2025-03-27 09:43:46','2025-03-27 09:43:46'),(10,'Cheese',2,'active','2025-03-27 09:43:46','2025-03-27 09:43:46'),(11,'Yogurt',2,'active','2025-03-27 09:43:46','2025-03-27 09:43:46'),(12,'Chicken',3,'active','2025-03-27 09:43:46','2025-03-27 09:43:46'),(13,'Beeff',3,'inactive','2025-03-27 09:43:46','2025-11-08 12:44:43'),(14,'Fish',3,'active','2025-03-27 09:43:46','2025-03-27 09:43:46'),(15,'Shrimp',3,'inactive','2025-03-27 09:43:46','2025-11-08 12:45:22'),(16,'Soft Drinks',4,'active','2025-03-27 09:43:46','2025-03-27 09:43:46'),(17,'Juices',4,'active','2025-03-27 09:43:46','2025-03-27 09:43:46'),(18,'Coffee',4,'active','2025-03-27 09:43:46','2025-03-27 09:43:46'),(19,'Tea',4,'active','2025-03-27 09:43:46','2025-11-14 13:31:53'),(20,'Chips',5,'active','2025-03-27 09:43:46','2025-03-27 09:43:46'),(21,'Biscuits',5,'active','2025-03-27 09:43:46','2025-03-27 09:43:46'),(22,'Nuts',5,'active','2025-03-27 09:43:46','2025-03-27 09:43:46'),(23,'Spices',NULL,'active','2025-03-27 09:49:18','2025-03-27 09:49:18'),(24,'Household Supplies',NULL,'active','2025-03-27 12:09:35','2025-03-27 12:09:35'),(37,'Medical',NULL,'active','2025-03-29 13:19:41','2025-03-29 13:19:41'),(41,'Electronics',NULL,'active','2025-04-09 12:49:59','2025-04-09 12:49:59'),(48,'Bread',NULL,'active','2025-11-07 13:43:30','2025-11-07 13:43:30'),(49,'Canned goods',NULL,'active','2025-11-08 01:28:49','2025-11-08 01:28:49');
/*!40000 ALTER TABLE `categories` ENABLE KEYS */;
UNLOCK TABLES;

--
-- Table structure for table `damaged_items`
--

DROP TABLE IF EXISTS `damaged_items`;
/*!40101 SET @saved_cs_client     = @@character_set_client */;
/*!40101 SET character_set_client = utf8 */;
CREATE TABLE `damaged_items` (
  `id` int(11) NOT NULL AUTO_INCREMENT,
  `product_id` int(11) NOT NULL,
  `batch_id` int(11) DEFAULT NULL,
  `quantity` int(11) NOT NULL,
  `reason` varchar(255) DEFAULT NULL,
  `date_added` datetime NOT NULL,
  PRIMARY KEY (`id`),
  KEY `product_id` (`product_id`),
  KEY `batch_id` (`batch_id`),
  CONSTRAINT `damaged_items_ibfk_1` FOREIGN KEY (`product_id`) REFERENCES `products` (`id`),
  CONSTRAINT `damaged_items_ibfk_2` FOREIGN KEY (`batch_id`) REFERENCES `product_batches` (`batch_id`)
) ENGINE=InnoDB AUTO_INCREMENT=15 DEFAULT CHARSET=utf8mb4 COLLATE=utf8mb4_general_ci;
/*!40101 SET character_set_client = @saved_cs_client */;

--
-- Dumping data for table `damaged_items`
--

LOCK TABLES `damaged_items` WRITE;
/*!40000 ALTER TABLE `damaged_items` DISABLE KEYS */;
INSERT INTO `damaged_items` VALUES (14,157,103,8,'damaged','2025-12-08 20:04:14');
/*!40000 ALTER TABLE `damaged_items` ENABLE KEYS */;
UNLOCK TABLES;

--
-- Table structure for table `discounts`
--

DROP TABLE IF EXISTS `discounts`;
/*!40101 SET @saved_cs_client     = @@character_set_client */;
/*!40101 SET character_set_client = utf8 */;
CREATE TABLE `discounts` (
  `id` int(11) NOT NULL AUTO_INCREMENT,
  `name` varchar(50) NOT NULL,
  `percentage` decimal(5,2) NOT NULL DEFAULT 0.00,
  `status` enum('active','inactive') DEFAULT 'active',
  PRIMARY KEY (`id`),
  UNIQUE KEY `name` (`name`)
) ENGINE=InnoDB AUTO_INCREMENT=4 DEFAULT CHARSET=utf8mb4 COLLATE=utf8mb4_general_ci;
/*!40101 SET character_set_client = @saved_cs_client */;

--
-- Dumping data for table `discounts`
--

LOCK TABLES `discounts` WRITE;
/*!40000 ALTER TABLE `discounts` DISABLE KEYS */;
INSERT INTO `discounts` VALUES (1,'Senior',6.00,'active'),(2,'Disabled',5.00,'active'),(3,'N/A',0.00,'active');
/*!40000 ALTER TABLE `discounts` ENABLE KEYS */;
UNLOCK TABLES;

--
-- Table structure for table `product_batches`
--

DROP TABLE IF EXISTS `product_batches`;
/*!40101 SET @saved_cs_client     = @@character_set_client */;
/*!40101 SET character_set_client = utf8 */;
CREATE TABLE `product_batches` (
  `batch_id` int(11) NOT NULL AUTO_INCREMENT,
  `product_id` int(11) NOT NULL,
  `stock` int(11) NOT NULL,
  `buy_price` decimal(10,2) NOT NULL,
  `sell_price` decimal(10,2) NOT NULL,
  `expiry` date NOT NULL,
  `date_added` datetime DEFAULT current_timestamp(),
  `status` enum('active','damaged','expired','archived') NOT NULL DEFAULT 'active',
  PRIMARY KEY (`batch_id`),
  KEY `product_id` (`product_id`),
  CONSTRAINT `product_batches_ibfk_1` FOREIGN KEY (`product_id`) REFERENCES `products` (`id`)
) ENGINE=InnoDB AUTO_INCREMENT=122 DEFAULT CHARSET=utf8mb4 COLLATE=utf8mb4_general_ci;
/*!40101 SET character_set_client = @saved_cs_client */;

--
-- Dumping data for table `product_batches`
--

LOCK TABLES `product_batches` WRITE;
/*!40000 ALTER TABLE `product_batches` DISABLE KEYS */;
INSERT INTO `product_batches` VALUES (102,156,60,70.00,90.00,'2029-11-04','2025-12-04 23:21:01','active'),(103,157,61,40.00,100.00,'2028-11-22','2025-12-04 23:26:54','active'),(104,154,50,28.00,66.00,'2025-12-31','2025-12-04 23:55:43','active'),(106,154,12,26.00,34.00,'2026-02-28','2025-12-05 00:39:57','active'),(107,156,59,67.00,89.00,'2026-01-04','2025-12-05 23:36:10','active'),(108,154,70,45.00,78.00,'2025-12-31','2025-12-05 23:57:34','active'),(109,156,59,89.00,90.00,'2031-10-06','2025-12-06 20:01:38','active'),(110,156,0,67.00,89.00,'2025-12-31','2025-12-07 00:25:55','active'),(111,154,68,12.00,57.00,'2027-10-27','2025-12-07 00:30:33','active'),(114,157,6,67.00,67.00,'2025-12-08','2025-12-08 00:39:48','active'),(115,157,5,40.00,100.00,'2028-12-22','2025-12-08 00:40:40','archived'),(116,156,11,67.00,67.00,'2028-03-05','2025-12-08 20:01:43','active'),(117,16,23,25.00,30.00,'2025-05-07','2025-12-09 11:31:23','active'),(118,16,23,25.00,30.00,'2025-05-08','2025-12-09 11:31:40','active'),(119,16,26,25.00,30.00,'2025-05-07','2025-12-09 11:35:55','active'),(120,16,26,25.00,30.00,'2025-05-07','2025-12-09 11:36:06','active'),(121,16,26,25.00,30.00,'2025-05-07','2025-12-09 11:41:00','active');
/*!40000 ALTER TABLE `product_batches` ENABLE KEYS */;
UNLOCK TABLES;

--
-- Table structure for table `products`
--

DROP TABLE IF EXISTS `products`;
/*!40101 SET @saved_cs_client     = @@character_set_client */;
/*!40101 SET character_set_client = utf8 */;
CREATE TABLE `products` (
  `id` int(11) NOT NULL AUTO_INCREMENT,
  `code` varchar(50) NOT NULL,
  `description` text NOT NULL,
  `category` varchar(50) NOT NULL,
  `perishability` enum('Perishable','N/P') DEFAULT 'N/P',
  `stock` decimal(10,2) NOT NULL DEFAULT 0.00,
  `unit` varchar(11) NOT NULL,
  `buy_price` decimal(10,2) NOT NULL,
  `sell_price` decimal(10,2) NOT NULL,
  `date_added` timestamp NOT NULL DEFAULT current_timestamp(),
  `expiry` text NOT NULL,
  `status` varchar(20) DEFAULT 'active',
  PRIMARY KEY (`id`),
  UNIQUE KEY `code` (`code`)
) ENGINE=InnoDB AUTO_INCREMENT=158 DEFAULT CHARSET=utf8mb4 COLLATE=utf8mb4_general_ci;
/*!40101 SET character_set_client = @saved_cs_client */;

--
-- Dumping data for table `products`
--

LOCK TABLES `products` WRITE;
/*!40000 ALTER TABLE `products` DISABLE KEYS */;
INSERT INTO `products` VALUES (16,'7622202243639','Dairy Milk - Milk Chocolate 11g','Snacks','N/P',23.00,'Piece',25.00,30.00,'2025-04-03 07:17:58','2025-05-07','active'),(38,'4800131591004','Biogenic 70% 330ml','Household Supplies','N/P',55.00,'Piece',55.00,60.00,'2025-10-24 13:40:35','2026-10-24','active'),(39,'4809013017458','Valley Bread Hamburger Buns','Bread','N/P',100.00,'Piece',37.00,42.00,'2025-11-07 13:45:21','2025-11-13','active'),(40,'4809013017441','Valley Bread Coco Cream','Bread','N/P',50.00,'Piece',39.00,44.00,'2025-11-07 13:46:43','2025-11-13','active'),(41,'4809013017472','Valley Bread Classic Whole Wheat','Bread','N/P',50.00,'Piece',65.00,70.00,'2025-11-07 13:48:10','2025-11-13','active'),(42,'4806502728840','Neu Bake','Bread','N/P',50.00,'Piece',34.00,39.00,'2025-11-07 13:49:03','2025-11-13','active'),(43,'4806502721452','Gardenia whole wheat bread green 400g','Bread','N/P',50.00,'Piece',65.00,70.00,'2025-11-07 13:50:01','2025-11-13','active'),(44,'4806502720417','Gardenia whole wheat bread red 400g','Bread','N/P',52.00,'Piece',53.00,58.00,'2025-11-07 13:53:20','2025-11-13','active'),(45,'4806502720615','Gardenia white bread classic','Bread','N/P',50.00,'Piece',80.00,85.00,'2025-11-07 13:54:49','2025-11-13','active'),(46,'4806537830303','Dap-Ayan Ube Round','Bread','N/P',50.00,'Piece',37.00,52.00,'2025-11-07 13:57:31','2025-11-13','active'),(47,'4806537830099','Dap-Ayan Crinkles','Bread','N/P',13.00,'Piece',33.00,38.00,'2025-11-07 13:58:50','2025-11-20','active'),(48,'4806537830143','Dap-Ayan Marble Cookies','Bread','N/P',13.00,'Piece',30.00,35.00,'2025-11-07 14:00:15','2025-11-20','active'),(49,'4806537830266','Dap-Ayan Polvoron Cookies','Bread','N/P',13.00,'Piece',30.00,35.00,'2025-11-07 14:00:54','2025-11-20','active'),(50,'4806537830242','Dap-Ayan Piyaya','Bread','N/P',13.00,'Piece',33.00,38.00,'2025-11-07 14:01:32','2025-11-20','active'),(51,'2077106208881','Monaii Mongo Monay','Bread','N/P',13.00,'Piece',55.00,60.00,'2025-11-07 14:03:07','2025-11-21','active'),(52,'2077106208812','Monaii Ube Monay','Bread','N/P',13.00,'Piece',55.00,60.00,'2025-11-07 14:03:49','2025-11-21','active'),(53,'2077106208836','Monaii Classic Monay','Bread','N/P',13.00,'Piece',45.00,50.00,'2025-11-07 14:04:22','2025-11-21','active'),(54,'4809013017199','Valley Bread Loaf blue ','Bread','N/P',15.00,'Piece',50.00,55.00,'2025-11-07 14:05:37','2025-11-13','active'),(55,'4809013017229','Valley Bread Loaf green','Bread','N/P',30.00,'Kg',45.00,50.00,'2025-11-07 14:06:06','2025-11-13','active'),(56,'4809013017410','Valley Bread Raisin Load','Bread','N/P',15.00,'Piece',58.00,63.00,'2025-11-07 14:06:49','2025-11-13','active'),(57,'4809013017267','Valley Bread Classic Hopia','Bread','N/P',13.00,'Piece',33.00,35.00,'2025-11-07 14:08:22','2025-11-13','active'),(58,'4809013017434','Valley Bread Spanish','Bread','N/P',30.00,'Piece',26.00,31.00,'2025-11-07 14:09:10','2025-11-13','active'),(59,'4809013017113','Valley Bread Cheese Bread','Bread','N/P',15.00,'Piece',30.00,35.00,'2025-11-07 14:10:10','2025-11-13','active'),(60,'8801047627197','Dongwon Luncheon Meat 340g','Canned goods','N/P',50.00,'Piece',100.00,110.00,'2025-11-08 01:29:40','2028-07-13','active'),(61,'748485801445','Argentina Tocino Meat Loaf 150g','Canned goods','N/P',50.00,'Piece',25.00,30.00,'2025-11-08 01:31:09','2026-08-16','active'),(62,'748485802473','Argentina Corned Chicken 150g','Canned goods','N/P',50.00,'Piece',33.00,38.00,'2025-11-08 01:32:15','2028-03-03','active'),(63,'748485801261','Argentina Meat Loaf 100g','Canned goods','N/P',50.00,'Piece',17.00,22.00,'2025-11-08 01:34:15','2025-12-01','active'),(64,'748485804064','Argentina Giniling 250g','Canned goods','N/P',50.00,'Piece',45.00,50.00,'2025-11-08 01:38:54','2028-03-21','active'),(65,'748485800448','Argentina Meat Loaf 250g','Canned goods','N/P',50.00,'Piece',34.00,39.00,'2025-11-08 01:39:50','2028-02-14','active'),(66,'748485804170','Argentina Giniling 150g','Canned goods','N/P',50.00,'Piece',28.00,33.00,'2025-11-08 01:42:35','2028-09-12','active'),(67,'748485800431','Argentina Corned Beef 150g','Canned goods','N/P',50.00,'Piece',34.00,39.00,'2025-11-08 01:44:09','2028-08-16','active'),(68,'748485800035','Argentina Corned Beef 250g','Canned goods','N/P',50.00,'Piece',57.00,62.00,'2025-11-08 01:48:20','2028-08-01','active'),(69,'748485800332','Argentina Liver Spread 85g','Canned goods','N/P',50.00,'Piece',23.00,28.00,'2025-11-08 01:49:24','2025-03-22','active'),(70,'748485100319','Century Tuna Flakes in oil 420g','Canned goods','N/P',50.00,'Piece',100.00,112.00,'2025-11-08 01:52:01','2028-04-27','active'),(71,'748485100326','Century Tuna Hot and Spicy 420g','Canned goods','N/P',50.00,'Piece',100.00,114.00,'2025-11-08 01:58:28','2028-04-25','active'),(72,'748485100081','Century Tuna Flakes in oil 180g','Canned goods','N/P',50.00,'Piece',45.00,50.00,'2025-11-08 01:59:45','2028-07-15','active'),(73,'748485100098','Century Tuna Hot and Spicy 180g','Canned goods','N/P',50.00,'Kg',45.00,50.00,'2025-11-08 02:00:31','2028-06-30','active'),(74,'748485800288','Argentina Shanghai Luncheon Meat 375g','Canned goods','N/P',18.00,'Piece',80.00,88.00,'2025-11-08 02:01:41','2028-02-22','active'),(75,'8801074009515','Hansung Luncheon Meat 340g','Canned goods','N/P',20.00,'Piece',100.00,120.00,'2025-11-08 02:02:43','2027-10-06','active'),(76,'8801074259637','Hansung Luncheon Meat Brown 340g','Canned goods','N/P',20.00,'Piece',100.00,120.00,'2025-11-08 02:05:01','2028-08-13','active'),(77,'8801123700431','Lotte Luncheon Meat Original 340g','Canned goods','N/P',20.00,'Piece',100.00,110.00,'2025-11-08 02:06:51','2028-05-21','active'),(78,'748485100401','Century Tuna Flakes in oil 155g','Canned goods','N/P',50.00,'Piece',35.00,40.00,'2025-11-08 02:07:57','2028-05-05','active'),(79,'748485102238','Century Tuna with Calamansi 155g','Canned goods','N/P',50.00,'Kg',35.00,40.00,'2025-11-08 02:08:54','2028-07-21','active'),(80,'748485100418','Century Tuna Hot and spicy 155g','Canned goods','N/P',50.00,'Kg',35.00,40.00,'2025-11-08 02:09:32','2028-05-10','active'),(81,'4806504710812','Mega Fried Sardines with Tausi 155g','Canned goods','Perishable',57.00,'Piece',78.00,90.00,'2025-11-08 10:01:14','2031-12-22','active'),(83,'4800134101804','Master Sardines in Tomato Sauce 155g','Canned goods','N/P',50.00,'Piece',24.00,29.00,'0000-00-00 00:00:00','2028-08-01','active'),(84,'4800134101811','Master Sardines in Tomato Sauce with chili155g','Canned goods','N/P',51.00,'Piece',24.00,29.00,'0000-00-00 00:00:00','2028-08-02','active'),(85,'4800134200248','Master Tuna Hot & Spicy 155g','Canned goods','N/P',50.00,'Piece',38.00,43.00,'0000-00-00 00:00:00','2028-08-03','active'),(86,'4800134200255','Master Tuna Flakes in oil 155g','Canned goods','N/P',50.00,'Piece',38.00,43.00,'0000-00-00 00:00:00','2028-08-04','active'),(87,'748485900063','Fresca  Tuna Lechon Paksiw 175g','Canned goods','N/P',50.00,'Piece',26.00,31.00,'0000-00-00 00:00:00','2028-08-05','active'),(88,'748485900087','Fresca  Tuna Hot and spicy 175g','Canned goods','N/P',50.00,'Piece',29.00,34.00,'0000-00-00 00:00:00','2028-08-06','active'),(89,'748485900056','Fresca Tuna Afritada 175g','Canned goods','N/P',50.00,'Piece',25.00,30.00,'0000-00-00 00:00:00','2028-08-07','active'),(90,'748485900049','Fresca Tuna Mechado 175g','Canned goods','N/P',50.00,'Piece',25.00,30.00,'0000-00-00 00:00:00','2028-08-08','active'),(91,'748485900070','Fresca Tuna Adobo 175','Canned goods','N/P',50.00,'Piece',26.00,31.00,'0000-00-00 00:00:00','2028-08-09','active'),(92,'4800134200040','Master Fried sardines sweet & sour 155g','Canned goods','N/P',50.00,'Piece',38.00,43.00,'0000-00-00 00:00:00','2028-08-10','active'),(93,'4808887012002','Star Nutri-Meats Corned Beef Chunky Cheese 150g','Canned goods','N/P',47.00,'Piece',35.00,40.00,'0000-00-00 00:00:00','2028-08-11','active'),(94,'748485900032','Fresca Tuna Caldereta 175g','Canned goods','N/P',50.00,'Piece',25.00,30.00,'0000-00-00 00:00:00','2028-08-12','active'),(95,'4800527629083','Youngs Town Sardines in Tomato Sauce 155g','Canned goods','N/P',50.00,'Piece',24.00,29.00,'0000-00-00 00:00:00','2028-08-13','active'),(96,'123','Star Nutri-Meats Corned Beef 150g','Canned goods','N/P',50.00,'Piece',30.00,35.00,'0000-00-00 00:00:00','2028-08-14','active'),(97,'4800527123055','Youngs Town Sardines in Tomato Sauce with Chili 155g','Canned goods','N/P',37.00,'Piece',24.00,29.00,'0000-00-00 00:00:00','2028-08-15','active'),(98,'4800527629649','Youngs Town Corned beef 150g','Canned goods','N/P',50.00,'Piece',33.00,38.00,'0000-00-00 00:00:00','2028-08-16','active'),(99,'4800527127688','Youngs Town Sardines in Tomato Sauce 425g','Canned goods','N/P',50.00,'Piece',73.00,78.00,'0000-00-00 00:00:00','2028-08-17','active'),(100,'4800527271862','Youngs Town Sardines in Tomato Sauce With chili 425g','Canned goods','N/P',50.00,'Piece',73.00,78.00,'0000-00-00 00:00:00','2028-08-18','active'),(101,'748485200064','555 sardines in tomato sauce 425g','Canned goods','N/P',50.00,'Piece',63.00,68.00,'0000-00-00 00:00:00','2028-08-19','active'),(102,'748485200071','555 sardines in tomato sauce HOT 425g','Canned goods','N/P',50.00,'Piece',63.00,68.00,'0000-00-00 00:00:00','2028-08-20','active'),(103,'748485201061','555 fried sardines Bistek 155g','Canned goods','N/P',50.00,'Piece',31.00,35.00,'0000-00-00 00:00:00','2028-08-21','active'),(104,'748485200026','555 sardines in tomato sauce HOT 155g','Canned goods','N/P',50.00,'Piece',23.00,28.00,'0000-00-00 00:00:00','2028-08-22','active'),(105,'748485200668','555 fried sardines hot and spicy 155g','Canned goods','N/P',50.00,'Piece',32.00,37.00,'0000-00-00 00:00:00','2028-08-23','active'),(106,'748485200675','555 fried sardines tausi 155g','Canned goods','N/P',50.00,'Piece',32.00,37.00,'0000-00-00 00:00:00','2028-08-24','active'),(107,'748485800264','555 carne norte 150g','Canned goods','N/P',50.00,'Piece',31.00,36.00,'0000-00-00 00:00:00','2028-08-25','active'),(108,'748485200040','555 spanish style sardines 155g','Canned goods','N/P',50.00,'Piece',32.00,37.00,'0000-00-00 00:00:00','2028-08-26','active'),(109,'748485200019','555 sardines in tomato sauce 155g','Canned goods','N/P',50.00,'Piece',23.00,28.00,'0000-00-00 00:00:00','2028-08-27','active'),(110,'748485700090','555 tuna spicy bicol express 155g','Canned goods','N/P',51.00,'Piece',32.00,37.00,'0000-00-00 00:00:00','2028-08-28','active'),(143,'4800022100018','Hunts prok & beans 230g','Canned goods','N/P',50.00,'Piece',32.00,37.00,'2025-11-08 10:01:14','2026-08-01','active'),(144,'748485803951','Lucky 7 carne norte 210g','Canned goods','N/P',52.00,'Piece',28.00,33.00,'2025-11-08 10:01:14','2026-08-01','active'),(145,'4800022100070','Hunts pork & beans 175g','Canned goods','N/P',51.00,'Piece',23.00,28.00,'2025-11-08 10:01:14','2027-08-01','active'),(146,'748485300108','555 squid 155g','Canned goods','N/P',50.00,'Piece',45.00,51.00,'2025-11-08 10:01:14','2028-08-01','active'),(147,'4806536770143','Golden town spanish style sardines 155g','Canned goods','N/P',51.00,'Piece',58.00,53.00,'2025-11-08 10:01:14','2026-08-01','active'),(148,'12345','PureFoods corned beef 90g','Canned goods','N/P',50.00,'Piece',85.00,90.00,'2025-11-08 10:01:14','2026-08-01','active'),(149,'4800163009010','Ligo squid in natural ink 155g','Canned goods','N/P',50.00,'Piece',52.00,57.00,'2025-11-08 10:01:14','2027-08-01','active'),(150,'748485801728','Lucky 7 carne norte 150g','Canned goods','N/P',50.00,'Piece',20.00,25.00,'2025-11-08 10:01:14','2026-08-01','active'),(151,'123456','Bongga Beef load 150g','Canned goods','N/P',50.00,'Piece',27.00,32.00,'2025-11-08 10:01:14','2026-08-01','active'),(152,'1234567','PureFoods delights sisig 150g','Canned goods','N/P',50.00,'Piece',90.00,95.00,'2025-11-08 10:01:14','2027-08-01','active'),(154,'71000002','Apple Blossom','Bread','N/P',58.00,'Piece',12.00,57.00,'2025-11-22 10:12:15','2027-10-05','active'),(155,'23123423','adad','Meat & Seafood','N/P',56345.00,'Kg',123.00,123.00,'2025-12-04 13:31:07','2025-12-31','archived'),(156,'324412241231','TESTING BATCH','Fruits ; Vegetables','Perishable',52.00,'Piece',70.00,70.00,'2029-11-03 16:00:00','2025-12-31','active'),(157,'124561342','WTH WHAT','Beverages','N/P',49.00,'Piece',60.00,70.00,'2028-11-21 16:00:00','2026-07-05','active');
/*!40000 ALTER TABLE `products` ENABLE KEYS */;
UNLOCK TABLES;

--
-- Table structure for table `sales`
--

DROP TABLE IF EXISTS `sales`;
/*!40101 SET @saved_cs_client     = @@character_set_client */;
/*!40101 SET character_set_client = utf8 */;
CREATE TABLE `sales` (
  `id` int(11) NOT NULL AUTO_INCREMENT,
  `user_id` int(11) NOT NULL,
  `total_amount` decimal(10,2) NOT NULL,
  `sale_date` datetime DEFAULT current_timestamp(),
  `payment_method` varchar(50) DEFAULT NULL,
  `cash_given` decimal(10,2) DEFAULT NULL,
  `change_amount` decimal(10,2) DEFAULT NULL,
  `discount` decimal(10,2) DEFAULT 0.00,
  `status` varchar(20) DEFAULT 'Completed',
  `return_reason` varchar(255) DEFAULT NULL,
  PRIMARY KEY (`id`)
) ENGINE=InnoDB AUTO_INCREMENT=118 DEFAULT CHARSET=utf8mb4 COLLATE=utf8mb4_general_ci;
/*!40101 SET character_set_client = @saved_cs_client */;

--
-- Dumping data for table `sales`
--

LOCK TABLES `sales` WRITE;
/*!40000 ALTER TABLE `sales` DISABLE KEYS */;
INSERT INTO `sales` VALUES (27,3,47.50,'2025-09-04 19:54:06','gcash',50.00,7.50,5.00,'Returned',NULL),(28,3,95.00,'2025-09-04 19:54:27','gcash',95.00,5.00,5.00,'Returned',NULL),(29,3,450.00,'2025-09-04 20:00:50','cash',500.00,50.00,0.00,'Returned','just just'),(30,3,28.50,'2025-09-04 20:03:10','cash',30.00,6.50,5.00,'Returned',NULL),(31,1,342.00,'2025-10-12 21:46:32','cash',500.00,163.00,5.00,'Returned',NULL),(35,1,1045.00,'2025-10-13 19:57:57','cash',1500.00,460.00,5.00,'Returned',NULL),(36,1,800.00,'2025-10-13 19:59:09','cash',1000.00,200.00,0.00,'Returned',NULL),(37,1,380.00,'2025-10-15 20:52:18','cash',400.00,25.00,5.00,'Returned',NULL),(38,1,34.20,'2025-10-15 22:06:38','cash',40.00,10.80,5.00,'Returned',NULL),(39,1,18.00,'2025-10-15 22:08:41','gcash',20.00,2.00,0.00,'Completed',NULL),(40,1,26000.00,'2025-10-18 20:35:30','cash',25000.00,-1000.00,0.00,'Returned',NULL),(41,4,190.00,'2025-10-18 21:43:26','cash',190.00,5.00,5.00,'Completed',NULL),(42,4,18.00,'2025-10-18 22:15:13','cash',20.00,2.00,0.00,'Completed',NULL),(43,4,30.00,'2025-10-18 22:26:45','cash',50.00,20.00,0.00,'Completed',NULL),(44,1,13000.00,'2025-10-22 18:58:27','cash',13000.00,0.00,0.00,'Completed',NULL),(45,1,190.00,'2025-10-22 19:14:00','cash',200.00,15.00,5.00,'Completed',NULL),(46,1,12350.00,'2025-10-22 19:22:36','cash',12350.00,5.00,5.00,'Returned',NULL),(47,1,37050.00,'2025-10-22 19:26:21','cash',38000.00,955.00,5.00,'Returned','deffective'),(48,1,13148.00,'2025-10-22 19:28:44','cash',13200.00,52.00,0.00,'Completed',NULL),(49,1,74100.00,'2025-10-22 19:35:30','cash',75000.00,905.00,5.00,'Completed',NULL),(50,1,2200.00,'2025-10-22 20:13:56','gcash',0.00,-2200.00,0.00,'Completed',NULL),(51,1,37050.00,'2025-10-23 21:55:59','gcash',0.00,-37045.00,5.00,'Completed',NULL),(52,1,220.00,'2025-10-23 22:07:11','cash',250.00,30.00,0.00,'Completed',NULL),(53,1,97.50,'2025-10-23 22:49:05','cash',100.00,2.50,0.00,'Completed',NULL),(54,1,387.20,'2025-10-23 22:51:29','cash',390.00,2.80,0.00,'Completed',NULL),(55,1,522.50,'2025-10-24 19:58:20','cash',550.00,32.50,5.00,'Completed',NULL),(56,1,367.40,'2025-10-24 20:18:30','cash',170.00,-197.40,0.00,'Completed',NULL),(57,1,313.50,'2025-10-24 20:22:42','cash',0.00,-308.50,5.00,'Completed',NULL),(58,1,110.00,'2025-10-24 20:23:30','cash',120.00,10.00,0.00,'Completed',NULL),(59,6,325.00,'2025-10-24 21:23:21','cash',500.00,175.00,0.00,'Completed',NULL),(60,7,1599.00,'2025-10-24 21:44:06','cash',2000.00,401.00,0.00,'Returned','tyesting'),(82,1,731.50,'2025-11-08 10:16:20','cash',800.00,68.50,0.00,'Returned','yesssss'),(83,1,340.00,'2025-11-08 19:57:16','gcash',0.00,-340.00,0.00,'Completed',NULL),(84,1,696.54,'2025-11-08 20:43:06','cash',700.00,3.46,0.00,'Returned','try'),(85,1,174.00,'2025-11-12 21:00:01','cash',200.00,26.00,0.00,'Returned','YEEEEEE'),(86,1,203.11,'2025-11-12 21:03:33','cash',205.00,1.89,0.00,'Returned','tryyyyyyyyyyyyyyyyyyy'),(87,1,260.00,'2025-11-12 21:18:49','cash',300.00,40.00,0.00,'Returned','try'),(88,1,147.00,'2025-11-12 21:24:12','cash',150.00,3.00,0.00,'Returned','asd'),(89,1,132.00,'2025-11-12 21:31:23','cash',140.00,8.00,0.00,'Completed',NULL),(90,1,291.00,'2025-11-12 21:36:30','cash',300.00,9.00,0.00,'Returned','all'),(91,1,1477.00,'2025-11-14 21:10:54','cash',1500.00,23.00,0.00,'Completed',NULL),(92,1,53.00,'2025-11-14 21:12:50','cash',60.00,7.00,0.00,'Completed',NULL),(93,1,31.02,'2025-11-14 21:15:46','cash',35.00,3.98,0.00,'Completed',NULL),(94,1,90.00,'2025-11-14 21:16:50','cash',100.00,10.00,0.00,'Completed',NULL),(95,1,112.80,'2025-11-14 21:17:59','cash',120.00,7.20,0.00,'Completed',NULL),(96,1,40.00,'2025-11-14 21:18:23','cash',40.00,0.00,0.00,'Completed',NULL),(97,1,676.80,'2025-11-14 21:19:27','cash',700.00,23.20,0.00,'Returned','try pls'),(98,1,125.40,'2025-11-17 18:19:17','cash',130.00,4.60,0.00,'Returned','try'),(99,1,191.00,'2025-11-23 18:26:13','cash',200.00,9.00,0.00,'Returned','yessss'),(100,1,33.00,'2025-11-23 19:21:35','cash',40.00,7.00,0.00,'Completed',NULL),(104,1,4450.00,'2025-12-05 23:31:15','cash',5000.00,550.00,0.00,'Completed',NULL),(105,1,846.00,'2025-12-06 00:11:26','cash',1000.00,154.00,0.00,'Completed',NULL),(106,1,89.00,'2025-12-06 20:03:45','cash',90.00,1.00,0.00,'Completed',NULL),(107,1,411.72,'2025-12-06 22:59:01','cash',415.00,3.28,0.00,'Completed',NULL),(108,1,8544.00,'2025-12-06 23:10:12','cash',9000.00,456.00,0.00,'Completed',NULL),(109,1,178.00,'2025-12-06 23:10:42','cash',180.00,2.00,0.00,'Completed',NULL),(110,1,57.00,'2025-12-06 23:14:02','cash',60.00,3.00,0.00,'Completed',NULL),(111,1,171.00,'2025-12-06 23:18:54','cash',175.00,4.00,0.00,'Completed',NULL),(112,1,70.00,'2025-12-06 23:20:52','cash',70.00,0.00,0.00,'Completed',NULL),(113,1,267.00,'2025-12-06 23:25:49','cash',300.00,33.00,0.00,'Completed',NULL),(114,1,89.00,'2025-12-06 23:32:05','cash',100.00,11.00,0.00,'Completed',NULL),(115,1,7120.00,'2025-12-06 23:32:43','cash',7200.00,80.00,0.00,'Completed',NULL),(116,1,89.00,'2025-12-06 23:51:24','cash',90.00,1.00,0.00,'Completed',NULL),(117,1,89.00,'2025-12-06 23:59:22','gcash',0.00,-89.00,0.00,'Completed',NULL);
/*!40000 ALTER TABLE `sales` ENABLE KEYS */;
UNLOCK TABLES;

--
-- Table structure for table `sales_items`
--

DROP TABLE IF EXISTS `sales_items`;
/*!40101 SET @saved_cs_client     = @@character_set_client */;
/*!40101 SET character_set_client = utf8 */;
CREATE TABLE `sales_items` (
  `id` int(11) NOT NULL AUTO_INCREMENT,
  `sale_id` int(11) NOT NULL,
  `product_code` varchar(50) NOT NULL,
  `quantity` decimal(10,2) NOT NULL DEFAULT 0.00,
  `price` decimal(10,2) NOT NULL,
  `payment_method` varchar(50) DEFAULT NULL,
  `reference_number` varchar(100) DEFAULT NULL,
  `total_amount` decimal(10,2) DEFAULT NULL,
  `cash_given` decimal(10,2) DEFAULT NULL,
  `change_amount` decimal(10,2) DEFAULT NULL,
  `discount` decimal(10,2) DEFAULT NULL,
  `status` enum('Sold','Returned') DEFAULT 'Sold',
  `return_reason` text DEFAULT NULL,
  PRIMARY KEY (`id`),
  KEY `sale_id` (`sale_id`),
  CONSTRAINT `sales_items_ibfk_1` FOREIGN KEY (`sale_id`) REFERENCES `sales` (`id`) ON DELETE CASCADE
) ENGINE=InnoDB AUTO_INCREMENT=133 DEFAULT CHARSET=utf8mb4 COLLATE=utf8mb4_general_ci;
/*!40101 SET character_set_client = @saved_cs_client */;

--
-- Dumping data for table `sales_items`
--

LOCK TABLES `sales_items` WRITE;
/*!40000 ALTER TABLE `sales_items` DISABLE KEYS */;
INSERT INTO `sales_items` VALUES (7,27,'23424637132435',1.00,50.00,'gcash','123123551231',50.00,2.50,-47.50,5.00,'Sold',NULL),(8,28,'6974944461538',1.00,100.00,'gcash','123124512312',95.00,0.00,-95.00,5.00,'Sold',NULL),(9,29,'8885007027876',1.00,200.00,'cash','',450.00,500.00,50.00,0.00,'Returned',NULL),(10,29,'7622202243639',1.00,30.00,'cash','',450.00,500.00,50.00,0.00,'Returned',NULL),(11,29,'850040427066',1.00,220.00,'cash','',450.00,500.00,50.00,0.00,'Returned',NULL),(12,30,'4800361331500',1.00,30.00,'cash','',28.50,30.00,1.50,5.00,'Sold',NULL),(13,31,'4800014141081',20.00,18.00,'cash','',342.00,500.00,158.00,5.00,'Sold',NULL),(14,35,'8885007027876',5.00,200.00,'cash','',1045.00,1500.00,455.00,5.00,'Sold',NULL),(15,35,'6974944461538',1.00,100.00,'cash','',1045.00,1500.00,455.00,5.00,'Sold',NULL),(16,36,'8885007027876',4.00,200.00,'cash','',800.00,1000.00,200.00,0.00,'Sold',NULL),(17,37,'8885007027876',2.00,200.00,'cash','',380.00,400.00,20.00,5.00,'Sold',NULL),(18,38,'4800014141081',2.00,18.00,'cash','',34.20,40.00,5.80,5.00,'Sold',NULL),(19,39,'4800014141081',1.00,18.00,'gcash','2342357345',18.00,20.00,2.00,0.00,'Sold',NULL),(20,40,'Z11M-GA49V11-2502000537',2.00,13000.00,'cash','',26000.00,25000.00,-1000.00,0.00,'Returned',NULL),(21,41,'8885007027876',1.00,200.00,'cash','',190.00,190.00,0.00,5.00,'Sold',NULL),(22,42,'4800014141081',1.00,18.00,'cash','',18.00,20.00,2.00,0.00,'Sold',NULL),(23,43,'7622202243639',1.00,30.00,'cash','',30.00,50.00,20.00,0.00,'Sold',NULL),(24,44,'Z11M-GA49V11-2502000537',1.00,13000.00,'cash','',13000.00,13000.00,0.00,0.00,'Sold',NULL),(25,45,'23424637132435',4.00,50.00,'cash','',190.00,200.00,10.00,5.00,'Sold',NULL),(26,46,'Z11M-GA49V11-2502000537',1.00,13000.00,'cash','',12350.00,12350.00,0.00,5.00,'Sold',NULL),(27,47,'Z11M-GA49V11-2502000537',3.00,13000.00,'cash','',37050.00,38000.00,950.00,5.00,'Returned',NULL),(28,48,'4800014141081',1.00,18.00,'cash','',13148.00,13200.00,52.00,0.00,'Sold',NULL),(29,48,'7622202243639',1.00,30.00,'cash','',13148.00,13200.00,52.00,0.00,'Sold',NULL),(30,48,'Z11M-GA49V11-2502000537',1.00,13000.00,'cash','',13148.00,13200.00,52.00,0.00,'Returned','tryinggggggg'),(31,48,'6974944461538',1.00,100.00,'cash','',13148.00,13200.00,52.00,0.00,'Returned',NULL),(32,49,'Z11M-GA49V11-2502000537',6.00,13000.00,'cash','',74100.00,75000.00,900.00,5.00,'Sold',NULL),(33,50,'4124125123',20.00,110.00,'gcash','1312561234123',2200.00,0.00,-2200.00,0.00,'Sold',NULL),(34,51,'Z11M-GA49V11-2502000537',3.00,13000.00,'gcash','1231462342346',37050.00,0.00,-37050.00,5.00,'Sold',NULL),(35,52,'5123123',1.00,220.00,'cash','',220.00,250.00,30.00,0.00,'Sold',NULL),(36,53,'123738493',1.00,65.00,'cash','',97.50,100.00,2.50,0.00,'Sold',NULL),(37,54,'5123123',1.00,220.00,'cash','',387.20,390.00,2.80,0.00,'Sold',NULL),(38,55,'4124125123',5.00,110.00,'cash','',522.50,550.00,27.50,5.00,'Sold',NULL),(39,56,'5123123',1.00,220.00,'cash','',367.40,170.00,-197.40,0.00,'Sold',NULL),(40,57,'5123123',1.00,220.00,'cash','',313.50,0.00,-313.50,5.00,'Sold',NULL),(41,58,'4124125123',1.00,110.00,'cash','',110.00,120.00,10.00,0.00,'Sold',NULL),(42,59,'4800131591004',5.00,65.00,'cash','',325.00,500.00,175.00,0.00,'Sold',NULL),(43,60,'4800131591004',5.00,60.00,'cash','',1599.00,2000.00,401.00,0.00,'Returned',NULL),(44,60,'124516161613451',1.00,1234.00,'cash','',1599.00,2000.00,401.00,0.00,'Returned',NULL),(45,60,'123738493',1.00,65.00,'cash','',1599.00,2000.00,401.00,0.00,'Returned',NULL),(67,82,'748485102238',3.00,40.00,'cash','',731.50,800.00,68.50,0.00,'Returned',NULL),(68,82,'748485100418',5.00,40.00,'cash','',731.50,800.00,68.50,0.00,'Returned',NULL),(69,82,'8801123700431',3.00,110.00,'cash','',731.50,800.00,68.50,0.00,'Returned',NULL),(70,82,'8801074259637',1.00,120.00,'cash','',731.50,800.00,68.50,0.00,'Returned',NULL),(71,83,'748485200064',5.00,68.00,'gcash','3124123',340.00,0.00,-340.00,0.00,'Returned',NULL),(72,84,'748485801728',11.00,25.00,'cash','',696.54,700.00,3.46,0.00,'Returned',NULL),(73,84,'4800022100018',1.00,37.00,'cash','',696.54,700.00,3.46,0.00,'Returned',NULL),(74,84,'748485803951',2.00,33.00,'cash','',696.54,700.00,3.46,0.00,'Returned',NULL),(75,84,'748485200064',2.00,68.00,'cash','',696.54,700.00,3.46,0.00,'Returned',NULL),(76,84,'4806536770143',1.00,53.00,'cash','',696.54,700.00,3.46,0.00,'Returned',NULL),(77,84,'748485200071',1.00,68.00,'cash','',696.54,700.00,3.46,0.00,'Returned',NULL),(78,84,'4800527127688',1.00,78.00,'cash','',696.54,700.00,3.46,0.00,'Returned',NULL),(79,84,'4800022100070',1.00,28.00,'cash','',696.54,700.00,3.46,0.00,'Returned',NULL),(80,85,'4800022100018',1.00,37.00,'cash','',174.00,200.00,26.00,0.00,'Returned',NULL),(81,85,'748485300108',1.00,51.00,'cash','',174.00,200.00,26.00,0.00,'Returned',NULL),(82,85,'748485803951',1.00,33.00,'cash','',174.00,200.00,26.00,0.00,'Returned',NULL),(83,85,'4806536770143',1.00,53.00,'cash','',174.00,200.00,26.00,0.00,'Returned',NULL),(84,86,'4806536770143',1.00,53.00,'cash','',203.11,205.00,1.89,0.00,'Returned',NULL),(85,86,'4800022100070',1.00,28.00,'cash','',203.11,205.00,1.89,0.00,'Returned',NULL),(86,86,'4800022100018',2.00,37.00,'cash','',203.11,205.00,1.89,0.00,'Returned',NULL),(87,86,'748485300108',1.00,51.00,'cash','',203.11,205.00,1.89,0.00,'Returned',NULL),(88,86,'4806504710812',0.20,39.00,'cash','',203.11,205.00,1.89,0.00,'Returned',NULL),(89,87,'748485803951',2.00,33.00,'cash','',260.00,300.00,40.00,0.00,'Returned',NULL),(90,87,'4806536770143',2.00,53.00,'cash','',260.00,300.00,40.00,0.00,'Returned',NULL),(91,87,'748485300108',1.00,51.00,'cash','',260.00,300.00,40.00,0.00,'Returned',NULL),(92,87,'4800022100018',1.00,37.00,'cash','',260.00,300.00,40.00,0.00,'Returned',NULL),(93,88,'748485803951',2.00,33.00,'cash','',147.00,150.00,3.00,0.00,'Returned',NULL),(94,88,'4800022100070',1.00,28.00,'cash','',147.00,150.00,3.00,0.00,'Returned',NULL),(95,88,'4806536770143',1.00,53.00,'cash','',147.00,150.00,3.00,0.00,'Returned',NULL),(96,89,'4800022100070',1.00,28.00,'cash','',132.00,140.00,8.00,0.00,'Sold',NULL),(97,89,'4806536770143',1.00,53.00,'cash','',132.00,140.00,8.00,0.00,'Returned',NULL),(98,89,'748485300108',1.00,51.00,'cash','',132.00,140.00,8.00,0.00,'Returned',NULL),(99,90,'4800022100070',2.00,28.00,'cash','',291.00,300.00,9.00,0.00,'Returned','all'),(100,90,'4806536770143',1.00,53.00,'cash','',291.00,300.00,9.00,0.00,'Returned','all'),(101,90,'4806502720417',2.00,58.00,'cash','',291.00,300.00,9.00,0.00,'Returned','all'),(102,90,'4800134101811',1.00,29.00,'cash','',291.00,300.00,9.00,0.00,'Returned','all'),(103,90,'748485700090',1.00,37.00,'cash','',291.00,300.00,9.00,0.00,'Returned','all'),(104,91,'4800527123055',13.00,29.00,'cash','',1477.00,1500.00,23.00,0.00,'Sold',NULL),(105,91,'4808887012002',14.00,40.00,'cash','',1477.00,1500.00,23.00,0.00,'Returned',NULL),(106,91,'7622210400291',6.00,90.00,'cash','',1477.00,1500.00,23.00,0.00,'Returned',NULL),(107,92,'4806536770143',1.00,53.00,'cash','',53.00,60.00,7.00,0.00,'Sold',NULL),(108,93,'748485803951',1.00,33.00,'cash','',31.02,35.00,3.98,0.00,'Sold',NULL),(109,94,'7622210400291',1.00,90.00,'cash','',90.00,100.00,10.00,0.00,'Sold',NULL),(110,95,'4808887012002',3.00,40.00,'cash','',112.80,120.00,7.20,0.00,'Sold',NULL),(111,96,'4808887012002',1.00,40.00,'cash','',40.00,40.00,0.00,0.00,'Returned','try'),(112,97,'7622210400291',8.00,90.00,'cash','',676.80,700.00,23.20,0.00,'Returned','try pls'),(113,98,'748485803951',4.00,33.00,'cash','',125.40,130.00,4.60,0.00,'Returned','try'),(114,99,'71000002',1.00,32.00,'cash','',191.00,200.00,9.00,0.00,'Returned','yessss'),(115,99,'4806536770143',1.00,53.00,'cash','',191.00,200.00,9.00,0.00,'Returned','yessss'),(116,99,'748485800448',1.00,39.00,'cash','',191.00,200.00,9.00,0.00,'Returned','yessss'),(117,99,'7622202243639',1.00,30.00,'cash','',191.00,200.00,9.00,0.00,'Returned','yessss'),(118,99,'748485700090',1.00,37.00,'cash','',191.00,200.00,9.00,0.00,'Returned','yessss'),(119,100,'748485803951',1.00,33.00,'cash','',33.00,40.00,7.00,0.00,'Sold',NULL),(120,104,'324412241231',50.00,89.00,'cash','',4450.00,5000.00,550.00,0.00,'Sold',NULL),(121,105,'4806504710812',10.00,90.00,'cash','',846.00,1000.00,154.00,0.00,'Sold',NULL),(122,106,'324412241231',1.00,89.00,'cash','',89.00,90.00,1.00,0.00,'Sold',NULL),(123,107,'324412241231',3.00,89.00,'cash','',411.72,415.00,3.28,0.00,'Sold',NULL),(124,107,'71000002',3.00,57.00,'cash','',411.72,415.00,3.28,0.00,'Sold',NULL),(125,108,'324412241231',96.00,89.00,'cash','',8544.00,9000.00,456.00,0.00,'Sold',NULL),(126,110,'71000002',1.00,57.00,'cash','',57.00,60.00,3.00,0.00,'Sold',NULL),(127,111,'71000002',3.00,57.00,'cash','',171.00,175.00,4.00,0.00,'Returned','try'),(128,112,'124561342',1.00,70.00,'cash','',70.00,70.00,0.00,0.00,'Sold',NULL),(129,114,'324412241231',1.00,89.00,'cash','',89.00,100.00,11.00,0.00,'Sold',NULL),(130,115,'324412241231',80.00,89.00,'cash','',7120.00,7200.00,80.00,0.00,'Sold',NULL),(131,116,'324412241231',1.00,89.00,'cash','',89.00,90.00,1.00,0.00,'Sold',NULL),(132,117,'324412241231',1.00,89.00,'gcash','123123123123',89.00,0.00,-89.00,0.00,'Sold',NULL);
/*!40000 ALTER TABLE `sales_items` ENABLE KEYS */;
UNLOCK TABLES;

--
-- Table structure for table `system_settings`
--

DROP TABLE IF EXISTS `system_settings`;
/*!40101 SET @saved_cs_client     = @@character_set_client */;
/*!40101 SET character_set_client = utf8 */;
CREATE TABLE `system_settings` (
  `id` int(11) NOT NULL AUTO_INCREMENT,
  `verification_code` varchar(10) NOT NULL,
  PRIMARY KEY (`id`)
) ENGINE=InnoDB AUTO_INCREMENT=2 DEFAULT CHARSET=utf8mb4 COLLATE=utf8mb4_general_ci;
/*!40101 SET character_set_client = @saved_cs_client */;

--
-- Dumping data for table `system_settings`
--

LOCK TABLES `system_settings` WRITE;
/*!40000 ALTER TABLE `system_settings` DISABLE KEYS */;
INSERT INTO `system_settings` VALUES (1,'112345');
/*!40000 ALTER TABLE `system_settings` ENABLE KEYS */;
UNLOCK TABLES;

--
-- Table structure for table `users`
--

DROP TABLE IF EXISTS `users`;
/*!40101 SET @saved_cs_client     = @@character_set_client */;
/*!40101 SET character_set_client = utf8 */;
CREATE TABLE `users` (
  `user_id` int(11) NOT NULL AUTO_INCREMENT,
  `first_name` varchar(50) NOT NULL,
  `last_name` varchar(50) NOT NULL,
  `username` varchar(50) NOT NULL,
  `password` varchar(255) NOT NULL,
  `role` enum('admin','seller','cashier') NOT NULL,
  `status` enum('Active','Inactive') NOT NULL DEFAULT 'Active',
  `failed_attempts` int(11) DEFAULT 0,
  `lock_until` datetime DEFAULT NULL,
  PRIMARY KEY (`user_id`),
  UNIQUE KEY `username` (`username`)
) ENGINE=InnoDB AUTO_INCREMENT=15 DEFAULT CHARSET=utf8mb4 COLLATE=utf8mb4_general_ci;
/*!40101 SET character_set_client = @saved_cs_client */;

--
-- Dumping data for table `users`
--

LOCK TABLES `users` WRITE;
/*!40000 ALTER TABLE `users` DISABLE KEYS */;
INSERT INTO `users` VALUES (1,'Rutty','Joshua','SHUWAWA','$2y$10$DT14CHxeuOp7krG.8aogVOY5./6yW92z8lJBn7Cw3wTkYd1xIjb3y','admin','Active',0,NULL),(2,'Kevin','Kevin','KVN','$2y$10$ffnHTuSXUogI9W6tIyo6iOmwSxvh8YJCbkoTHllIKcmdIxL4ctEzO','cashier','Inactive',0,NULL),(3,'kevs','kevs','kevss','$2y$10$5WfSO2TzATMeCNNoFtmDfumpjHj6gXflNrrPl4i0X6hySJnLlx0l2','admin','Active',0,NULL),(4,'arrah','maye','pass','$2y$10$y0YwKwSDeUN4EjZY4xkKjeYSXZukmULyzCAX4NBmFoe057RglkeV.','admin','Active',0,NULL),(5,'ngibin','sats','ngebs','$2y$10$rSGqvDl1lxaEL9ueArQHCebkEi57A8ozm6VliUvHhvWblA5CsfWZG','cashier','Inactive',0,NULL),(6,'Kevin','Satur','Kevs','$2y$10$eTS/YN3U75r5.Ej5oOhhUO.Sfo4okABJ6QtjYYCZS6t76Y3in.jwK','admin','Active',0,NULL),(7,'Kevin','Sats','Kebs','$2y$10$33G/USTwFYjn.Gq46/otCepxt7loKO1lLwsvOymdUFXq2MfqVK1Di','admin','Active',0,NULL),(8,'ngibs','bes','keb','$2y$10$SXRlM/wIyLsekEfRELOE5OkaYsYI.ZxQDiuNodbTSKg1pCchxmII.','cashier','Inactive',0,NULL),(9,'try','try','try','$2y$10$zOMU//usHJUWw3WdwMzGK.vxEe3in.r5LW44dkxtAzVnRtQ3wYTtK','cashier','Active',0,NULL),(10,'kevin','satur','kevin123','$2y$10$9F1jP394wiiCu3jlpXbAp.X4LJIge/BAM7uMZP1AWM08moZfxnQry','admin','Inactive',0,NULL),(11,'gale','satur','gale123','$2y$10$AtnEzsA1yxuqj4WHrhlM0OJ3omL1tSu9bKnExhUhdLeLkt9J0JZuu','admin','Active',0,NULL),(12,'Kevink','k','kevin1234','$2y$10$LVK0d29LLoF3SB8tq.VUUOyqdIBnyzSuDGnDud/5.NcyAlYEgtnS6','admin','Active',0,NULL),(13,'asdasd','asdasd','asdasd','$2y$10$wnPjwtB.vwpgcWDAb8K/D.E65ku/K4DIHTnbESTMx7F2skw7LaKiy','cashier','Active',0,NULL),(14,'asdasd','asdasd','asdasdasd','$2y$10$ty87bHRBWv73QIFi6QX5Iu3lsHU1oS1PeVQ1Ud/3RwP7UJIYBQ7Fu','cashier','Active',0,NULL);
/*!40000 ALTER TABLE `users` ENABLE KEYS */;
UNLOCK TABLES;
/*!40103 SET TIME_ZONE=@OLD_TIME_ZONE */;

/*!40101 SET SQL_MODE=@OLD_SQL_MODE */;
/*!40014 SET FOREIGN_KEY_CHECKS=@OLD_FOREIGN_KEY_CHECKS */;
/*!40014 SET UNIQUE_CHECKS=@OLD_UNIQUE_CHECKS */;
/*!40101 SET CHARACTER_SET_CLIENT=@OLD_CHARACTER_SET_CLIENT */;
/*!40101 SET CHARACTER_SET_RESULTS=@OLD_CHARACTER_SET_RESULTS */;
/*!40101 SET COLLATION_CONNECTION=@OLD_COLLATION_CONNECTION */;
/*!40111 SET SQL_NOTES=@OLD_SQL_NOTES */;

-- Dump completed on 2025-12-09 11:56:48
